停止理由,セル番号,停止開始時刻,停止解消時刻,停止時間,大工程,中工程,MU名
故障,CROSSTAR_1,2024/05/29 06:43:57.6922,2024/05/29 06:45:04.9011,1:07.2089,JSS_WE,RRDOOR,SubPart:58
故障,CROSSTAR_1,2024/05/29 07:08:58.5847,2024/05/29 07:09:50.7106,52.1258,JSS_WE,RRDOOR,SubPart:58
故障,CROSSTAR_1,2024/05/29 07:32:15.3486,2024/05/29 07:32:40.7595,25.4109,JSS_WE,RRDOOR,SubPart:58
WEフロア台車交換,FRFLR_1,2024/05/29 08:07:00.0000,2024/05/29 08:09:18.9000,2:18.9000,JSS_WE,FRFLR,WhiteBody:241
金型CHロス,TGSub_1,2024/05/29 08:09:18.9000,2024/05/29 08:20:33.9000,11:15.0000,JSS_WE,TGSub,SubPart:793
TG部品待ち,F2_3,2024/05/29 08:09:18.9000,2024/05/29 08:20:33.9000,11:15.0000,JSS_WE,F2,WhiteBody:231
故障,CROSSTAR_1,2024/05/29 08:20:18.6774,2024/05/29 08:21:44.5459,1:25.8686,JSS_WE,RRDOOR,SubPart:804
クロスター機種CH,CROSSTAR_1,2024/05/29 08:09:18.9000,2024/05/29 08:23:18.9000,14:00.0000,JSS_WE,RRDOOR,SubPart:804
故障,CROSSTAR_1,2024/05/29 08:27:37.0580,2024/05/29 08:28:07.0994,30.0414,JSS_WE,RRDOOR,SubPart:837
故障,CROSSTAR_1,2024/05/29 08:32:33.4948,2024/05/29 08:33:21.8880,48.3933,JSS_WE,RRDOOR,SubPart:837
故障,CROSSTAR_1,2024/05/29 08:37:41.6641,2024/05/29 08:38:12.6002,30.9361,JSS_WE,RRDOOR,SubPart:837
金型CHロス,TGSub_1,2024/05/29 08:20:33.9000,2024/05/29 08:40:03.9000,19:30.0000,JSS_WE,TGSub,SubPart:813
TG部品待ち,F2_3,2024/05/29 08:20:33.9000,2024/05/29 08:45:00.0000,24:26.1000,JSS_WE,F2,WhiteBody:240
故障,CROSSTAR_1,2024/05/29 08:51:23.2654,2024/05/29 08:52:07.5942,44.3288,JSS_WE,RRDOOR,SubPart:2733
クロスター機種CH,CROSSTAR_1,2024/05/29 08:45:00.0000,2024/05/29 08:54:00.0000,9:00.0000,JSS_WE,RRDOOR,SubPart:2733
故障,CROSSTAR_1,2024/05/29 09:06:03.7936,2024/05/29 09:06:27.2269,23.4333,JSS_WE,RRDOOR,SubPart:2889
PAジグ取り付け,insertJig_1,2024/05/29 08:45:00.0000,2024/05/29 09:07:00.0000,22:00.0000,JSS_PA,insertJig,WhiteBody:958
故障,CROSSTAR_1,2024/05/29 09:18:53.4997,2024/05/29 09:19:26.7189,33.2192,JSS_WE,RRDOOR,SubPart:3229
故障,CROSSTAR_1,2024/05/29 09:42:57.9222,2024/05/29 09:43:41.7125,43.7902,JSS_WE,RRDOOR,SubPart:3229
PAジグ取り付け,insertJig_1,2024/05/29 09:07:00.0000,2024/05/29 09:45:00.0000,38:00.0000,JSS_PA,insertJig,WhiteBody:1129
故障,CROSSTAR_1,2024/05/29 09:52:37.4307,2024/05/29 09:52:48.3461,10.9154,JSS_WE,RRDOOR,SubPart:4600
クロスター機種CH,CROSSTAR_1,2024/05/29 09:45:00.0000,2024/05/29 09:54:00.0000,9:00.0000,JSS_WE,RRDOOR,SubPart:4600
故障,CROSSTAR_1,2024/05/29 10:08:22.7866,2024/05/29 10:09:06.2775,43.4908,JSS_WE,RRDOOR,SubPart:4826
金型CHロス,TGSub_1,2024/05/29 09:45:00.0000,2024/05/29 10:10:30.0000,25:30.0000,JSS_WE,TGSub,SubPart:4561
TG部品待ち,F2_3,2024/05/29 09:45:00.0000,2024/05/29 10:10:30.0000,25:30.0000,JSS_WE,F2,WhiteBody:1746
故障,CROSSTAR_1,2024/05/29 10:29:04.6727,2024/05/29 10:29:47.1779,42.5051,JSS_WE,RRDOOR,SubPart:5188
故障,CROSSTAR_1,2024/05/29 10:32:55.1762,2024/05/29 10:33:32.4681,37.2920,JSS_WE,RRDOOR,SubPart:5188
PAジグ取り付け,insertJig_1,2024/05/29 10:10:30.0000,2024/05/29 10:45:00.0000,34:30.0000,JSS_PA,insertJig,WhiteBody:1841
故障,CROSSTAR_1,2024/05/29 10:47:27.5414,2024/05/29 10:48:09.6439,42.1025,JSS_WE,RRDOOR,SubPart:5188
故障,CROSSTAR_1,2024/05/29 10:53:23.7726,2024/05/29 10:53:55.4928,31.7201,JSS_WE,RRDOOR,SubPart:5188
故障,CROSSTAR_1,2024/05/29 11:21:51.9397,2024/05/29 11:22:33.6291,41.6894,JSS_WE,RRDOOR,SubPart:5188
故障,CROSSTAR_1,2024/05/29 11:27:57.9408,2024/05/29 11:28:33.6126,35.6718,JSS_WE,RRDOOR,SubPart:5188
金型CHロス,TGSub_1,2024/05/29 11:30:00.0000,2024/05/29 11:53:15.0000,23:15.0000,JSS_WE,TGSub,SubPart:6694
TG部品待ち,F2_3,2024/05/29 11:30:00.0000,2024/05/29 11:53:15.0000,23:15.0000,JSS_WE,F2,WhiteBody:2526
PAジグ取り付け,insertJig_1,2024/05/29 11:53:15.0000,2024/05/29 12:30:00.0000,36:45.0000,JSS_PA,insertJig,WhiteBody:2627
故障,CROSSTAR_1,2024/05/29 13:30:40.6340,2024/05/29 13:31:22.2122,41.5781,JSS_WE,RRDOOR,SubPart:8188
故障,CROSSTAR_1,2024/05/29 13:37:44.2123,2024/05/29 13:38:22.5472,38.3350,JSS_WE,RRDOOR,SubPart:8188
故障,CROSSTAR_1,2024/05/29 13:45:09.4070,2024/05/29 13:45:49.5768,40.1699,JSS_WE,RRDOOR,SubPart:8188
故障,CROSSTAR_1,2024/05/29 13:47:08.8564,2024/05/29 13:48:18.4087,1:09.5523,JSS_WE,RRDOOR,SubPart:8188
故障,CROSSTAR_1,2024/05/29 13:48:58.7607,2024/05/29 13:50:23.5917,1:24.8310,JSS_WE,RRDOOR,SubPart:8188
故障,CROSSTAR_1,2024/05/29 13:55:37.0234,2024/05/29 13:56:24.9769,47.9536,JSS_WE,RRDOOR,SubPart:8188
故障,CROSSTAR_1,2024/05/29 13:59:39.1719,2024/05/29 13:59:48.7554,9.5835,JSS_WE,RRDOOR,SubPart:8188
故障,CROSSTAR_1,2024/05/29 14:11:53.5130,2024/05/29 14:12:09.8524,16.3393,JSS_WE,RRDOOR,SubPart:8188
故障,CROSSTAR_1,2024/05/29 14:23:57.7697,2024/05/29 14:24:35.8556,38.0859,JSS_WE,RRDOOR,SubPart:8188
故障,CROSSTAR_1,2024/05/29 14:29:36.6219,2024/05/29 14:30:22.7734,46.1516,JSS_WE,RRDOOR,SubPart:8188
故障,CROSSTAR_1,2024/05/29 14:44:25.0344,2024/05/29 14:45:03.8391,38.8047,JSS_WE,RRDOOR,SubPart:8188
故障,CROSSTAR_1,2024/05/29 15:41:29.7167,2024/05/29 15:41:42.3357,12.6189,JSS_WE,RRDOOR,SubPart:8188
故障,CROSSTAR_1,2024/05/29 15:51:10.3990,2024/05/29 15:51:52.8760,42.4770,JSS_WE,RRDOOR,SubPart:8188
故障,CROSSTAR_1,2024/05/29 16:12:10.0262,2024/05/29 16:12:54.0522,44.0260,JSS_WE,RRDOOR,SubPart:8188
故障,CROSSTAR_1,2024/05/29 16:34:26.1970,2024/05/29 16:35:34.4294,1:08.2323,JSS_WE,RRDOOR,SubPart:8188
故障,CROSSTAR_1,2024/05/29 16:43:25.2197,2024/05/29 16:44:39.1310,1:13.9114,JSS_WE,RRDOOR,SubPart:8188
故障,CROSSTAR_1,2024/05/29 17:14:04.3541,2024/05/29 17:14:38.2092,33.8551,JSS_WE,RRDOOR,SubPart:8188
故障,CROSSTAR_1,2024/05/29 17:16:34.8706,2024/05/29 17:16:52.3576,17.4870,JSS_WE,RRDOOR,SubPart:8188
故障,CROSSTAR_1,2024/05/29 17:26:47.3163,2024/05/29 17:27:50.2918,1:02.9755,JSS_WE,RRDOOR,SubPart:8188
故障,CROSSTAR_1,2024/05/29 18:20:51.7062,2024/05/29 18:21:48.1498,56.4436,JSS_WE,RRDOOR,SubPart:8188
故障,CROSSTAR_1,2024/05/29 18:28:56.0695,2024/05/29 18:30:15.2777,1:19.2082,JSS_WE,RRDOOR,SubPart:8188
故障,CROSSTAR_1,2024/05/29 18:50:05.5446,2024/05/29 18:51:12.8508,1:07.3062,JSS_WE,RRDOOR,SubPart:8188
故障,CROSSTAR_1,2024/05/29 19:06:08.4652,2024/05/29 19:06:35.2386,26.7734,JSS_WE,RRDOOR,SubPart:8188
故障,CROSSTAR_1,2024/05/29 19:14:45.6950,2024/05/29 19:15:24.4858,38.7908,JSS_WE,RRDOOR,SubPart:8188
故障,CROSSTAR_1,2024/05/29 19:35:14.7101,2024/05/29 19:36:30.4227,1:15.7126,JSS_WE,RRDOOR,SubPart:8188
故障,CROSSTAR_1,2024/05/29 19:54:12.9869,2024/05/29 19:54:49.2758,36.2890,JSS_WE,RRDOOR,SubPart:8188
故障,CROSSTAR_1,2024/05/29 20:13:46.9313,2024/05/29 20:14:21.9425,35.0112,JSS_WE,RRDOOR,SubPart:8188
故障,CROSSTAR_1,2024/05/29 21:17:07.6299,2024/05/29 21:17:18.8238,11.1940,JSS_WE,RRDOOR,SubPart:8188
故障,CROSSTAR_1,2024/05/29 21:54:07.5514,2024/05/29 21:54:20.3039,12.7525,JSS_WE,RRDOOR,SubPart:8188
故障,CROSSTAR_1,2024/05/29 22:15:28.3347,2024/05/29 22:15:54.6892,26.3545,JSS_WE,RRDOOR,SubPart:8188
故障,CROSSTAR_1,2024/05/29 22:19:19.3284,2024/05/29 22:19:44.6172,25.2888,JSS_WE,RRDOOR,SubPart:8188
故障,CROSSTAR_1,2024/05/29 22:37:32.5235,2024/05/29 22:38:15.3791,42.8556,JSS_WE,RRDOOR,SubPart:8188
故障,CROSSTAR_1,2024/05/29 22:40:33.8329,2024/05/29 22:41:52.1018,1:18.2689,JSS_WE,RRDOOR,SubPart:8188
故障,CROSSTAR_1,2024/05/29 22:57:27.2410,2024/05/29 22:58:15.5874,48.3464,JSS_WE,RRDOOR,SubPart:8188
初期配置,G_29,2024/05/29 11:30:00.0000,2024/05/29 23:30:00.0000,12:00:00.0000,JSS_AF,G,WhiteBody:2257
初期配置,F_1,2024/05/29 11:30:00.0000,2024/05/29 23:30:00.0000,12:00:00.0000,JSS_AF,F,WhiteBody:2321
初期配置,D_1,2024/05/29 11:53:15.0000,2024/05/29 23:30:00.0000,11:36:45.0000,JSS_AF,D,WhiteBody:2370
初期配置,PBS_off,2024/05/29 11:53:15.0000,2024/05/29 23:30:00.0000,11:36:45.0000,JSS_PA,PBS,WhiteBody:2484
初期配置,C_1,2024/05/29 11:53:15.0000,2024/05/29 23:30:00.0000,11:36:45.0000,JSS_AF,C,WhiteBody:2399
初期配置,B_21,2024/05/29 11:53:15.0000,2024/05/29 23:30:00.0000,11:36:45.0000,JSS_AF,B,WhiteBody:2407
初期配置,liquidWrapping_1,2024/05/29 11:53:15.0000,2024/05/29 23:30:00.0000,11:36:45.0000,JSS_PA,liquidWrapping,WhiteBody:2576
初期配置,sealer_4,2024/05/29 12:30:00.0000,2024/05/29 23:30:00.0000,11:00:00.0000,JSS_PA,sealer,WhiteBody:2911
初期配置,WBS_CarryZone,2024/05/29 12:30:00.0000,2024/05/29 23:30:00.0000,11:00:00.0000,JSS_WE,WBS_CarryZone,WhiteBody:3055
初期配置,F2_7,2024/05/29 12:30:00.0000,2024/05/29 23:30:00.0000,11:00:00.0000,JSS_WE,F2,WhiteBody:3111
初期配置,INNFRM_GW_9,2024/05/29 12:30:00.0000,2024/05/29 23:30:00.0000,11:00:00.0000,JSS_WE,INNFRM_GW,WhiteBody:3171
初期配置,SR_10,2024/05/29 12:30:00.0000,2024/05/29 23:30:00.0000,11:00:00.0000,JSS_WE,SR,WhiteBody:3152
初期配置,PBS_off,2024/05/29 23:30:00.0000,2024/05/30 00:00:00.0000,30:00.0000,JSS_PA,PBS,void
初期配置,WBS_CarryZone,2024/05/29 23:30:00.0000,2024/05/30 00:00:00.0000,30:00.0000,JSS_WE,WBS_CarryZone,WhiteBody:3055
故障,CROSSTAR_1,2024/05/30 00:00:41.2442,2024/05/30 00:01:33.4974,52.2532,JSS_WE,RRDOOR,SubPart:8193
故障,CROSSTAR_1,2024/05/30 00:38:29.8299,2024/05/30 00:39:03.1472,33.3174,JSS_WE,RRDOOR,SubPart:8193
故障,CROSSTAR_1,2024/05/30 00:50:10.8159,2024/05/30 00:50:38.3936,27.5776,JSS_WE,RRDOOR,SubPart:8193
故障,CROSSTAR_1,2024/05/30 00:58:22.4978,2024/05/30 00:58:29.8461,7.3483,JSS_WE,RRDOOR,SubPart:8193
故障,CROSSTAR_1,2024/05/30 00:58:54.9831,2024/05/30 00:59:22.5314,27.5483,JSS_WE,RRDOOR,SubPart:8193
故障,CROSSTAR_1,2024/05/30 01:21:45.4768,2024/05/30 01:22:07.8391,22.3623,JSS_WE,RRDOOR,SubPart:8193
故障,CROSSTAR_1,2024/05/30 01:25:15.6702,2024/05/30 01:25:23.2644,7.5942,JSS_WE,RRDOOR,SubPart:8193
故障,CROSSTAR_1,2024/05/30 01:29:03.2379,2024/05/30 01:29:35.9420,32.7041,JSS_WE,RRDOOR,SubPart:8193
故障,CROSSTAR_1,2024/05/30 02:37:19.5477,2024/05/30 02:37:53.2023,33.6546,JSS_WE,RRDOOR,SubPart:8193
故障,CROSSTAR_1,2024/05/30 03:27:04.6975,2024/05/30 03:27:24.1286,19.4311,JSS_WE,RRDOOR,SubPart:8193
故障,CROSSTAR_1,2024/05/30 03:44:53.4554,2024/05/30 03:45:09.3002,15.8448,JSS_WE,RRDOOR,SubPart:8193
故障,CROSSTAR_1,2024/05/30 04:32:23.2326,2024/05/30 04:33:10.1149,46.8823,JSS_WE,RRDOOR,SubPart:8193
故障,CROSSTAR_1,2024/05/30 04:56:31.2410,2024/05/30 04:56:33.2265,1.9855,JSS_WE,RRDOOR,SubPart:8193
故障,CROSSTAR_1,2024/05/30 05:24:14.1913,2024/05/30 05:24:53.1577,38.9664,JSS_WE,RRDOOR,SubPart:8193
故障,CROSSTAR_1,2024/05/30 06:15:01.8460,2024/05/30 06:15:34.7428,32.8967,JSS_WE,RRDOOR,SubPart:8193
故障,CROSSTAR_1,2024/05/30 06:23:45.5720,2024/05/30 06:25:11.1895,1:25.6174,JSS_WE,RRDOOR,SubPart:8193
故障,CROSSTAR_1,2024/05/30 06:51:36.0087,2024/05/30 06:51:42.3879,6.3791,JSS_WE,RRDOOR,SubPart:8193
故障,CROSSTAR_1,2024/05/30 07:04:31.7302,2024/05/30 07:05:40.6689,1:08.9388,JSS_WE,RRDOOR,SubPart:8193
故障,CROSSTAR_1,2024/05/30 07:22:29.5937,2024/05/30 07:22:55.5115,25.9178,JSS_WE,RRDOOR,SubPart:8193
故障,CROSSTAR_1,2024/05/30 07:35:31.2711,2024/05/30 07:35:57.2344,25.9633,JSS_WE,RRDOOR,SubPart:8193
故障,CROSSTAR_1,2024/05/30 07:40:43.3216,2024/05/30 07:41:12.2314,28.9097,JSS_WE,RRDOOR,SubPart:8193
故障,TGSub_1,2024/05/30 07:57:10.6337,2024/05/30 07:57:32.1427,21.5090,JSS_WE,TGSub,SubPart:8195
故障,sealer_1,2024/05/30 07:58:01.5780,2024/05/30 07:58:09.2107,7.6327,JSS_PA,sealer,WhiteBody:2917
故障,G_1,2024/05/30 07:57:41.8673,2024/05/30 07:58:10.4578,28.5905,JSS_AF,G,WhiteBody:2287
故障,A_1,2024/05/30 07:59:03.0418,2024/05/30 07:59:34.4752,31.4334,JSS_AF,A,WhiteBody:2483
機種CH,SR_1,2024/05/30 07:59:50.0000,2024/05/30 08:01:50.0000,2:00.0000,JSS_WE,SR,WhiteBody:3166
故障,sealer_1,2024/05/30 08:02:48.9643,2024/05/30 08:03:15.1073,26.1430,JSS_PA,sealer,WhiteBody:2921
故障,sealerOV_1,2024/05/30 08:02:44.0153,2024/05/30 08:03:36.0057,51.9904,JSS_PA,sealerOV,WhiteBody:2890
故障,insertJig_1,2024/05/30 08:03:57.6764,2024/05/30 08:04:06.5592,8.8828,JSS_PA,insertJig,WhiteBody:3064
故障,F2_1,2024/05/30 08:04:25.5447,2024/05/30 08:04:40.3820,14.8373,JSS_WE,F2,WhiteBody:3126
故障,liquidWrapping_1,2024/05/30 08:06:49.8959,2024/05/30 08:07:19.4671,29.5712,JSS_PA,liquidWrapping,WhiteBody:2587
故障,F3_1,2024/05/30 08:08:05.3609,2024/05/30 08:08:31.3447,25.9838,JSS_WE,F3,WhiteBody:3118
故障,sealerOV_1,2024/05/30 08:08:32.6337,2024/05/30 08:08:55.1524,22.5187,JSS_PA,sealerOV,WhiteBody:2895
故障,sealer_1,2024/05/30 08:09:18.7382,2024/05/30 08:09:20.3091,1.5709,JSS_PA,sealer,WhiteBody:2927
故障,F_1,2024/05/30 08:08:14.0010,2024/05/30 08:10:45.3380,2:31.3370,JSS_AF,F,WhiteBody:2334
故障,coatingInspection_1,2024/05/30 08:10:35.2892,2024/05/30 08:10:51.4117,16.1225,JSS_PA,coatingInspection,WhiteBody:2681
故障,liquidWrapping_1,2024/05/30 08:12:57.4452,2024/05/30 08:13:41.0271,43.5819,JSS_PA,liquidWrapping,WhiteBody:2593
故障,INNFRM_GW_1,2024/05/30 08:07:18.3749,2024/05/30 08:14:23.6846,7:05.3097,JSS_WE,INNFRM_GW,WhiteBody:3191
故障,liquidWrapping_1,2024/05/30 08:16:37.0308,2024/05/30 08:17:09.5139,32.4830,JSS_PA,liquidWrapping,WhiteBody:2596
故障,F1_1,2024/05/30 08:15:54.8753,2024/05/30 08:17:33.5663,1:38.6910,JSS_WE,F1,WhiteBody:3153
故障,liquidWrapping_1,2024/05/30 08:18:09.5705,2024/05/30 08:19:01.6220,52.0516,JSS_PA,liquidWrapping,WhiteBody:2597
故障,F3_1,2024/05/30 08:19:47.5070,2024/05/30 08:20:09.0892,21.5823,JSS_WE,F3,WhiteBody:3129
故障,TGSub_1,2024/05/30 08:20:49.1485,2024/05/30 08:21:25.4152,36.2667,JSS_WE,TGSub,SubPart:8477
故障,INNFRM_GW_1,2024/05/30 08:21:17.8299,2024/05/30 08:22:42.9564,1:25.1265,JSS_WE,INNFRM_GW,WhiteBody:3199
機種CH,TGSub_1,2024/05/30 08:21:27.7757,2024/05/30 08:23:27.7757,2:00.0000,JSS_WE,TGSub,SubPart:8480
故障,liquidWrapping_1,2024/05/30 08:24:57.0668,2024/05/30 08:26:10.0858,1:13.0190,JSS_PA,liquidWrapping,WhiteBody:2603
故障,F2_1,2024/05/30 08:26:15.4828,2024/05/30 08:26:35.7028,20.2200,JSS_WE,F2,WhiteBody:3148
故障,substrateInspectione_1,2024/05/30 08:26:40.6016,2024/05/30 08:26:49.0727,8.4711,JSS_PA,substrateInspectione,WhiteBody:2887
故障,BRAZE_1,2024/05/30 08:28:24.8690,2024/05/30 08:28:46.3022,21.4332,JSS_WE,BRAZE,WhiteBody:3193
故障,FRFLR_1,2024/05/30 08:29:18.4375,2024/05/30 08:29:28.4047,9.9672,JSS_WE,FRFLR,WhiteBody:3237
故障,sealerOV_1,2024/05/30 08:29:21.0767,2024/05/30 08:30:43.5633,1:22.4866,JSS_PA,sealerOV,WhiteBody:2915
故障,FRFLR_1,2024/05/30 08:30:58.6275,2024/05/30 08:31:14.2183,15.5908,JSS_WE,FRFLR,WhiteBody:3239
故障,liquidWrapping_1,2024/05/30 08:31:10.7309,2024/05/30 08:31:42.5954,31.8645,JSS_PA,liquidWrapping,WhiteBody:2608
機種CH,F1_1,2024/05/30 08:30:13.9283,2024/05/30 08:32:13.9283,2:00.0000,JSS_WE,F1,WhiteBody:3166
故障,substrateInspectione_1,2024/05/30 08:32:04.3630,2024/05/30 08:32:19.8021,15.4390,JSS_PA,substrateInspectione,WhiteBody:2892
故障,BRAZE_1,2024/05/30 08:32:32.8528,2024/05/30 08:32:40.0392,7.1864,JSS_WE,BRAZE,WhiteBody:3197
故障,FLRCOMP_1,2024/05/30 08:33:23.9851,2024/05/30 08:35:19.1675,1:55.1824,JSS_WE,FLRCOMP,WhiteBody:3225
故障,liquidWrapping_1,2024/05/30 08:45:11.2774,2024/05/30 08:45:32.5666,21.2891,JSS_PA,liquidWrapping,WhiteBody:2611
故障,sealerOV_1,2024/05/30 08:45:24.0645,2024/05/30 08:45:40.3000,16.2355,JSS_PA,sealerOV,WhiteBody:2920
故障,substrateInspectione_1,2024/05/30 08:47:15.6106,2024/05/30 08:47:41.6811,26.0705,JSS_PA,substrateInspectione,WhiteBody:2897
故障,F_1,2024/05/30 08:46:23.3696,2024/05/30 08:47:52.0785,1:28.7089,JSS_AF,F,WhiteBody:2359
故障,BRAZE_1,2024/05/30 08:47:32.4539,2024/05/30 08:47:58.7949,26.3410,JSS_WE,BRAZE,WhiteBody:3202
故障,substrateInspectione_1,2024/05/30 08:48:21.0427,2024/05/30 08:48:29.2454,8.2027,JSS_PA,substrateInspectione,WhiteBody:2898
故障,A_1,2024/05/30 08:48:24.5882,2024/05/30 08:48:53.8159,29.2277,JSS_AF,A,WhiteBody:2522
故障,FRFLR_1,2024/05/30 08:48:11.3473,2024/05/30 08:49:00.4597,49.1124,JSS_WE,FRFLR,WhiteBody:3245
故障,F3_1,2024/05/30 08:49:21.9888,2024/05/30 08:49:34.0597,12.0709,JSS_WE,F3,WhiteBody:3149
故障,sealer_1,2024/05/30 08:47:57.2587,2024/05/30 08:49:53.4025,1:56.1439,JSS_PA,sealer,WhiteBody:2956
故障,FRFLR_1,2024/05/30 08:50:35.0160,2024/05/30 08:50:36.3295,1.3135,JSS_WE,FRFLR,WhiteBody:3247
故障,substrateInspectione_1,2024/05/30 08:50:57.0731,2024/05/30 08:51:21.3596,24.2864,JSS_PA,substrateInspectione,WhiteBody:2900
故障,TGSub_1,2024/05/30 08:51:40.4962,2024/05/30 08:51:58.2918,17.7955,JSS_WE,TGSub,SubPart:8537
故障,removeJig_1,2024/05/30 08:53:03.6914,2024/05/30 08:53:31.1351,27.4438,JSS_PA,removeJig,WhiteBody:2599
故障,substrateInspectione_1,2024/05/30 08:53:29.2313,2024/05/30 08:53:35.4137,6.1824,JSS_PA,substrateInspectione,WhiteBody:2902
故障,coatingInspection_1,2024/05/30 08:53:11.8736,2024/05/30 08:53:55.4588,43.5852,JSS_PA,coatingInspection,WhiteBody:2709
故障,FRFLR_1,2024/05/30 08:54:03.6454,2024/05/30 08:54:53.6527,50.0073,JSS_WE,FRFLR,WhiteBody:3250
機種CH,F2_1,2024/05/30 08:53:37.4573,2024/05/30 08:55:37.4573,2:00.0000,JSS_WE,F2,WhiteBody:3166
故障,substrateInspectione_1,2024/05/30 08:55:57.6522,2024/05/30 08:56:01.0293,3.3771,JSS_PA,substrateInspectione,WhiteBody:2905
故障,insertJig_1,2024/05/30 08:56:13.8414,2024/05/30 08:56:30.5127,16.6712,JSS_PA,insertJig,WhiteBody:3116
故障,substrateInspectione_1,2024/05/30 08:57:52.0950,2024/05/30 08:58:00.3280,8.2330,JSS_PA,substrateInspectione,WhiteBody:2907
故障,BRAZE_1,2024/05/30 08:58:01.2402,2024/05/30 08:58:16.4366,15.1965,JSS_WE,BRAZE,WhiteBody:3212
故障,coatingInspection_1,2024/05/30 08:58:32.3575,2024/05/30 08:58:37.6286,5.2712,JSS_PA,coatingInspection,WhiteBody:2713
故障,substrateInspectione_1,2024/05/30 08:58:52.5063,2024/05/30 08:59:01.6128,9.1065,JSS_PA,substrateInspectione,WhiteBody:2908
故障,F3_1,2024/05/30 08:59:33.5637,2024/05/30 08:59:41.3894,7.8257,JSS_WE,F3,WhiteBody:3158
故障,C_1,2024/05/30 08:57:53.2714,2024/05/30 08:59:50.4735,1:57.2021,JSS_AF,C,WhiteBody:2451
故障,F2_1,2024/05/30 08:59:44.2380,2024/05/30 08:59:59.2963,15.0582,JSS_WE,F2,WhiteBody:3170
故障,CROSSTAR_1,2024/05/30 09:01:10.3905,2024/05/30 09:01:44.0725,33.6820,JSS_WE,RRDOOR,SubPart:8560
故障,FRFLR_1,2024/05/30 09:01:23.9895,2024/05/30 09:02:15.3193,51.3298,JSS_WE,FRFLR,WhiteBody:3257
故障,coatingInspection_1,2024/05/30 09:02:12.6998,2024/05/30 09:02:17.7717,5.0719,JSS_PA,coatingInspection,WhiteBody:2717
故障,substrateInspectione_1,2024/05/30 09:02:10.2864,2024/05/30 09:02:22.1747,11.8883,JSS_PA,substrateInspectione,WhiteBody:2911
故障,liquidWrapping_1,2024/05/30 09:03:39.3238,2024/05/30 09:04:01.2822,21.9584,JSS_PA,liquidWrapping,WhiteBody:2629
故障,FRFLR_1,2024/05/30 09:05:10.8317,2024/05/30 09:05:20.6387,9.8071,JSS_WE,FRFLR,WhiteBody:3261
故障,INNFRM_GW_1,2024/05/30 09:05:44.0236,2024/05/30 09:08:27.6150,2:43.5914,JSS_WE,INNFRM_GW,WhiteBody:3233
故障,substrateInspectione_1,2024/05/30 09:08:18.4185,2024/05/30 09:08:35.6226,17.2041,JSS_PA,substrateInspectione,WhiteBody:2917
機種CH,F3_1,2024/05/30 09:07:14.5155,2024/05/30 09:09:14.5155,2:00.0000,JSS_WE,F3,WhiteBody:3166
故障,substrateInspectione_1,2024/05/30 09:09:44.3926,2024/05/30 09:10:17.8858,33.4932,JSS_PA,substrateInspectione,WhiteBody:2919
故障,CROSSTAR_1,2024/05/30 09:09:40.1576,2024/05/30 09:10:34.0211,53.8635,JSS_WE,RRDOOR,SubPart:8583
故障,sealer_1,2024/05/30 09:12:54.2166,2024/05/30 09:13:20.8905,26.6739,JSS_PA,sealer,WhiteBody:2979
故障,FLRCOMP_1,2024/05/30 09:14:37.5530,2024/05/30 09:15:30.8837,53.3307,JSS_WE,FLRCOMP,WhiteBody:3255
故障,CROSSTAR_1,2024/05/30 09:14:26.3606,2024/05/30 09:15:51.6635,1:25.3029,JSS_WE,RRDOOR,SubPart:8594
故障,coatingInspection_1,2024/05/30 09:15:41.7078,2024/05/30 09:15:51.7043,9.9966,JSS_PA,coatingInspection,WhiteBody:2730
故障,FRFLR_1,2024/05/30 09:16:10.4814,2024/05/30 09:16:51.2030,40.7216,JSS_WE,FRFLR,WhiteBody:3272
故障,sealer_1,2024/05/30 09:17:31.6436,2024/05/30 09:17:44.3157,12.6721,JSS_PA,sealer,WhiteBody:2983
故障,FLRCOMP_1,2024/05/30 09:16:59.6654,2024/05/30 09:17:57.3395,57.6741,JSS_WE,FLRCOMP,WhiteBody:3256
故障,substrateInspectione_1,2024/05/30 09:17:59.0917,2024/05/30 09:18:12.1963,13.1046,JSS_PA,substrateInspectione,WhiteBody:2926
故障,substrateInspectione_1,2024/05/30 09:19:57.0781,2024/05/30 09:20:10.9082,13.8301,JSS_PA,substrateInspectione,WhiteBody:2928
故障,C_1,2024/05/30 09:22:48.9251,2024/05/30 09:23:16.6062,27.6811,JSS_AF,C,WhiteBody:2474
故障,substrateInspectione_1,2024/05/30 09:23:52.9278,2024/05/30 09:23:55.4932,2.5654,JSS_PA,substrateInspectione,WhiteBody:2932
故障,B_1,2024/05/30 09:23:57.4625,2024/05/30 09:24:36.0116,38.5490,JSS_AF,B,WhiteBody:2505
故障,FLRCOMP_1,2024/05/30 09:24:36.0803,2024/05/30 09:25:08.5079,32.4276,JSS_WE,FLRCOMP,WhiteBody:3263
故障,F1_1,2024/05/30 09:24:08.6785,2024/05/30 09:25:08.8853,1:00.2068,JSS_WE,F1,WhiteBody:3208
故障,substrateInspectione_1,2024/05/30 09:26:44.5986,2024/05/30 09:27:11.9690,27.3704,JSS_PA,substrateInspectione,WhiteBody:2935
故障,D_1,2024/05/30 09:25:31.2646,2024/05/30 09:27:15.8745,1:44.6099,JSS_AF,D,WhiteBody:2450
故障,BRAZE_1,2024/05/30 09:26:54.1333,2024/05/30 09:27:16.4914,22.3581,JSS_WE,BRAZE,WhiteBody:3241
故障,F2_1,2024/05/30 09:27:22.6467,2024/05/30 09:27:36.3999,13.7532,JSS_WE,F2,WhiteBody:3198
故障,liquidWrapping_1,2024/05/30 09:27:22.9670,2024/05/30 09:27:59.5148,36.5479,JSS_PA,liquidWrapping,WhiteBody:2653
故障,substrateInspectione_1,2024/05/30 09:28:08.1644,2024/05/30 09:28:14.8776,6.7133,JSS_PA,substrateInspectione,WhiteBody:2936
故障,BRAZE_1,2024/05/30 09:30:49.6087,2024/05/30 09:31:07.5728,17.9641,JSS_WE,BRAZE,WhiteBody:3245
故障,insertJig_1,2024/05/30 09:30:45.6268,2024/05/30 09:31:12.0653,26.4385,JSS_PA,insertJig,WhiteBody:3158
故障,F3_1,2024/05/30 09:32:09.9707,2024/05/30 09:32:43.1805,33.2098,JSS_WE,F3,WhiteBody:3189
故障,BRAZE_1,2024/05/30 09:33:17.2437,2024/05/30 09:33:31.1261,13.8824,JSS_WE,BRAZE,WhiteBody:3247
故障,TGSub_1,2024/05/30 09:33:59.2827,2024/05/30 09:34:13.6576,14.3749,JSS_WE,TGSub,SubPart:8648
故障,removeJig_1,2024/05/30 09:34:15.9561,2024/05/30 09:34:23.2720,7.3159,JSS_PA,removeJig,WhiteBody:2639
故障,F2_1,2024/05/30 09:36:05.1722,2024/05/30 09:36:18.7284,13.5562,JSS_WE,F2,WhiteBody:3206
故障,sealerOV_1,2024/05/30 09:35:35.9892,2024/05/30 09:36:38.7669,1:02.7777,JSS_PA,sealerOV,WhiteBody:2969
故障,FRFLR_1,2024/05/30 09:35:31.4691,2024/05/30 09:37:46.8406,2:15.3715,JSS_WE,FRFLR,WhiteBody:3291
故障,BRAZE_1,2024/05/30 09:39:21.0578,2024/05/30 09:39:31.0344,9.9767,JSS_WE,BRAZE,WhiteBody:3253
故障,substrateInspectione_1,2024/05/30 09:39:55.2819,2024/05/30 09:40:03.8507,8.5688,JSS_PA,substrateInspectione,WhiteBody:2948
故障,BRAZE_1,2024/05/30 09:44:41.6753,2024/05/30 09:44:48.6678,6.9924,JSS_WE,BRAZE,WhiteBody:3258
故障,insertJig_1,2024/05/30 09:46:55.2273,2024/05/30 09:47:18.3177,23.0904,JSS_PA,insertJig,WhiteBody:3177
故障,sealerOV_1,2024/05/30 09:46:39.1160,2024/05/30 09:47:24.2111,45.0951,JSS_PA,sealerOV,WhiteBody:2979
故障,liquidWrapping_1,2024/05/30 09:48:11.0374,2024/05/30 09:48:31.0404,20.0030,JSS_PA,liquidWrapping,WhiteBody:2673
故障,coatingInspection_1,2024/05/30 09:48:18.3246,2024/05/30 09:48:31.4328,13.1082,JSS_PA,coatingInspection,WhiteBody:2763
故障,BRAZE_1,2024/05/30 09:49:05.4132,2024/05/30 09:49:32.2059,26.7927,JSS_WE,BRAZE,WhiteBody:3263
故障,removeJig_1,2024/05/30 09:50:23.9865,2024/05/30 09:50:35.5173,11.5308,JSS_PA,removeJig,WhiteBody:2655
故障,FRFLR_1,2024/05/30 09:49:54.7117,2024/05/30 09:50:37.2199,42.5082,JSS_WE,FRFLR,WhiteBody:3304
故障,insertJig_1,2024/05/30 09:50:23.6980,2024/05/30 09:50:43.7067,20.0087,JSS_PA,insertJig,WhiteBody:3181
故障,INNFRM_GW_1,2024/05/30 09:50:10.3560,2024/05/30 09:52:49.4825,2:39.1266,JSS_WE,INNFRM_GW,WhiteBody:3277
故障,BRAZE_1,2024/05/30 09:53:58.9426,2024/05/30 09:54:13.4594,14.5168,JSS_WE,BRAZE,WhiteBody:3267
故障,FRFLR_1,2024/05/30 09:54:26.3463,2024/05/30 09:54:40.0859,13.7396,JSS_WE,FRFLR,WhiteBody:3308
故障,B_1,2024/05/30 09:55:00.2591,2024/05/30 09:55:33.1806,32.9215,JSS_AF,B,WhiteBody:2536
故障,removeJig_1,2024/05/30 09:56:22.7683,2024/05/30 09:56:32.2086,9.4404,JSS_PA,removeJig,WhiteBody:2661
故障,liquidWrapping_1,2024/05/30 09:56:02.8543,2024/05/30 09:56:38.3300,35.4757,JSS_PA,liquidWrapping,WhiteBody:2680
故障,FRFLR_1,2024/05/30 09:57:24.5920,2024/05/30 09:57:49.3059,24.7139,JSS_WE,FRFLR,WhiteBody:3311
故障,TGSub_1,2024/05/30 09:58:19.8373,2024/05/30 09:58:52.3270,32.4897,JSS_WE,TGSub,SubPart:8713
故障,sealerOV_1,2024/05/30 09:58:10.4134,2024/05/30 09:58:52.6014,42.1880,JSS_PA,sealerOV,WhiteBody:2990
故障,sealerOV_1,2024/05/30 10:01:42.4025,2024/05/30 10:01:57.9640,15.5615,JSS_PA,sealerOV,WhiteBody:2993
故障,substrateInspectione_1,2024/05/30 10:03:02.5070,2024/05/30 10:03:06.4712,3.9642,JSS_PA,substrateInspectione,WhiteBody:2969
故障,INNFRM_GW_1,2024/05/30 09:59:47.8842,2024/05/30 10:04:42.3583,4:54.4741,JSS_WE,INNFRM_GW,WhiteBody:3284
故障,insertJig_1,2024/05/30 10:04:35.4329,2024/05/30 10:04:58.7657,23.3328,JSS_PA,insertJig,WhiteBody:3198
故障,substrateInspectione_1,2024/05/30 10:05:05.4371,2024/05/30 10:05:33.7501,28.3130,JSS_PA,substrateInspectione,WhiteBody:2971
故障,substrateInspectione_1,2024/05/30 10:06:52.6209,2024/05/30 10:07:13.8341,21.2132,JSS_PA,substrateInspectione,WhiteBody:2973
故障,substrateInspectione_1,2024/05/30 10:08:11.6010,2024/05/30 10:08:14.5714,2.9704,JSS_PA,substrateInspectione,WhiteBody:2974
故障,G_1,2024/05/30 10:08:34.8181,2024/05/30 10:08:55.6610,20.8428,JSS_AF,G,WhiteBody:2406
故障,A_1,2024/05/30 10:08:53.3621,2024/05/30 10:09:09.6076,16.2454,JSS_AF,A,WhiteBody:2601
故障,coatingInspection_1,2024/05/30 10:08:44.1506,2024/05/30 10:09:13.1844,29.0338,JSS_PA,coatingInspection,WhiteBody:2782
故障,substrateInspectione_1,2024/05/30 10:09:32.9253,2024/05/30 10:10:49.3800,1:16.4547,JSS_PA,substrateInspectione,WhiteBody:2975
故障,FRFLR_1,2024/05/30 10:10:44.9979,2024/05/30 10:10:55.4911,10.4932,JSS_WE,FRFLR,WhiteBody:3322
故障,BRAZE_1,2024/05/30 10:10:50.0543,2024/05/30 10:10:59.0978,9.0434,JSS_WE,BRAZE,WhiteBody:3279
故障,sealerOV_1,2024/05/30 10:11:00.6239,2024/05/30 10:11:20.1617,19.5378,JSS_PA,sealerOV,WhiteBody:3002
故障,substrateInspectione_1,2024/05/30 10:13:38.8946,2024/05/30 10:13:59.4713,20.5767,JSS_PA,substrateInspectione,WhiteBody:2978
故障,coatingInspection_1,2024/05/30 10:14:02.2364,2024/05/30 10:14:06.6173,4.3809,JSS_PA,coatingInspection,WhiteBody:2787
故障,CROSSTAR_1,2024/05/30 10:13:55.2128,2024/05/30 10:14:07.2473,12.0345,JSS_WE,RRDOOR,SubPart:8754
故障,FLRCOMP_1,2024/05/30 10:13:57.5440,2024/05/30 10:16:02.9607,2:05.4167,JSS_WE,FLRCOMP,WhiteBody:3309
故障,G_1,2024/05/30 10:17:06.0429,2024/05/30 10:17:27.0894,21.0465,JSS_AF,G,WhiteBody:2414
故障,sealerOV_1,2024/05/30 10:17:25.1565,2024/05/30 10:18:06.0106,40.8541,JSS_PA,sealerOV,WhiteBody:3008
故障,substrateInspectione_1,2024/05/30 10:20:36.0567,2024/05/30 10:20:41.0676,5.0108,JSS_PA,substrateInspectione,WhiteBody:2985
故障,coatingInspection_1,2024/05/30 10:21:46.6460,2024/05/30 10:21:53.7210,7.0751,JSS_PA,coatingInspection,WhiteBody:2795
故障,substrateInspectione_1,2024/05/30 10:22:39.9666,2024/05/30 10:22:51.5070,11.5404,JSS_PA,substrateInspectione,WhiteBody:2987
故障,BRAZE_1,2024/05/30 10:23:16.6110,2024/05/30 10:24:09.7600,53.1491,JSS_WE,BRAZE,WhiteBody:3292
故障,G_1,2024/05/30 10:26:30.0036,2024/05/30 10:26:50.0096,20.0060,JSS_AF,G,WhiteBody:2423
故障,FRFLR_1,2024/05/30 10:26:40.6910,2024/05/30 10:26:59.9881,19.2971,JSS_WE,FRFLR,WhiteBody:3337
故障,F2_1,2024/05/30 10:28:26.0142,2024/05/30 10:28:31.5230,5.5089,JSS_WE,F2,WhiteBody:3259
故障,removeJig_1,2024/05/30 10:29:03.9138,2024/05/30 10:29:22.2780,18.3642,JSS_PA,removeJig,WhiteBody:2693
故障,FLRCOMP_1,2024/05/30 10:28:40.0750,2024/05/30 10:29:38.5210,58.4460,JSS_WE,FLRCOMP,WhiteBody:3322
故障,coatingInspection_1,2024/05/30 10:29:51.3052,2024/05/30 10:30:36.1785,44.8734,JSS_PA,coatingInspection,WhiteBody:2803
故障,C_1,2024/05/30 10:29:05.1023,2024/05/30 10:30:37.3430,1:32.2407,JSS_AF,C,WhiteBody:2540
故障,BRAZE_1,2024/05/30 10:31:49.7502,2024/05/30 10:31:52.8817,3.1315,JSS_WE,BRAZE,WhiteBody:3300
故障,F2_1,2024/05/30 10:32:34.0267,2024/05/30 10:32:50.7355,16.7087,JSS_WE,F2,WhiteBody:3264
故障,CROSSTAR_1,2024/05/30 10:32:33.6868,2024/05/30 10:33:25.1256,51.4387,JSS_WE,RRDOOR,SubPart:8804
故障,BRAZE_1,2024/05/30 10:34:55.1284,2024/05/30 10:35:05.0051,9.8767,JSS_WE,BRAZE,WhiteBody:3303
故障,coatingInspection_1,2024/05/30 10:35:41.0440,2024/05/30 10:35:58.7119,17.6679,JSS_PA,coatingInspection,WhiteBody:2808
故障,F2_1,2024/05/30 10:36:16.7960,2024/05/30 10:36:58.9052,42.1092,JSS_WE,F2,WhiteBody:3267
故障,TGSub_1,2024/05/30 10:38:44.9658,2024/05/30 10:38:54.8679,9.9022,JSS_WE,TGSub,SubPart:8819
故障,substrateInspectione_1,2024/05/30 10:38:38.7916,2024/05/30 10:39:18.4925,39.7009,JSS_PA,substrateInspectione,WhiteBody:3003
故障,FRFLR_1,2024/05/30 10:41:22.9279,2024/05/30 10:41:38.9745,16.0466,JSS_WE,FRFLR,WhiteBody:3352
故障,C_1,2024/05/30 10:41:48.0273,2024/05/30 10:41:58.8310,10.8037,JSS_AF,C,WhiteBody:2552
故障,CROSSTAR_1,2024/05/30 10:43:25.5068,2024/05/30 10:44:05.1786,39.6718,JSS_WE,RRDOOR,SubPart:8826
故障,removeJig_1,2024/05/30 10:43:39.5888,2024/05/30 10:44:45.8272,1:06.2384,JSS_PA,removeJig,WhiteBody:2707
故障,F_1,2024/05/30 10:44:11.9924,2024/05/30 10:47:44.0185,3:32.0261,JSS_AF,F,WhiteBody:2475
故障,CROSSTAR_1,2024/05/30 10:48:26.1588,2024/05/30 10:49:53.5543,1:27.3955,JSS_WE,RRDOOR,SubPart:8826
故障,CROSSTAR_1,2024/05/30 10:50:20.3179,2024/05/30 10:51:10.8164,50.4986,JSS_WE,RRDOOR,SubPart:8826
故障,CROSSTAR_1,2024/05/30 10:56:28.0926,2024/05/30 10:57:09.9191,41.8265,JSS_WE,RRDOOR,SubPart:8826
故障,CROSSTAR_1,2024/05/30 11:02:42.6377,2024/05/30 11:03:18.2792,35.6415,JSS_WE,RRDOOR,SubPart:8826
故障,CROSSTAR_1,2024/05/30 11:18:15.5369,2024/05/30 11:18:49.0280,33.4911,JSS_WE,RRDOOR,SubPart:8826
故障,CROSSTAR_1,2024/05/30 11:30:32.2739,2024/05/30 11:30:59.7368,27.4629,JSS_WE,RRDOOR,SubPart:8828
故障,FRFLR_1,2024/05/30 11:31:05.2784,2024/05/30 11:31:28.7854,23.5070,JSS_WE,FRFLR,WhiteBody:3353
故障,FLRCOMP_1,2024/05/30 11:30:19.3117,2024/05/30 11:32:21.0107,2:01.6990,JSS_WE,FLRCOMP,WhiteBody:3336
故障,sealer_1,2024/05/30 11:32:43.1153,2024/05/30 11:33:08.9079,25.7927,JSS_PA,sealer,WhiteBody:3073
故障,substrateInspectione_1,2024/05/30 11:34:57.1871,2024/05/30 11:35:28.4736,31.2865,JSS_PA,substrateInspectione,WhiteBody:3014
故障,removeJig_1,2024/05/30 11:35:45.1207,2024/05/30 11:36:26.8708,41.7501,JSS_PA,removeJig,WhiteBody:2713
故障,TGSub_1,2024/05/30 11:36:50.2655,2024/05/30 11:37:50.6748,1:00.4094,JSS_WE,TGSub,SubPart:8844
故障,liquidWrapping_1,2024/05/30 11:41:02.0064,2024/05/30 11:42:12.6973,1:10.6909,JSS_PA,liquidWrapping,WhiteBody:2739
故障,substrateInspectione_1,2024/05/30 11:42:12.0953,2024/05/30 11:42:15.6170,3.5217,JSS_PA,substrateInspectione,WhiteBody:3021
故障,coatingInspection_1,2024/05/30 11:42:26.5381,2024/05/30 11:42:57.4568,30.9187,JSS_PA,coatingInspection,WhiteBody:2829
故障,CROSSTAR_1,2024/05/30 11:43:20.1374,2024/05/30 11:44:07.3790,47.2416,JSS_WE,RRDOOR,SubPart:8856
故障,FLRCOMP_1,2024/05/30 11:42:40.2930,2024/05/30 11:44:22.4467,1:42.1537,JSS_WE,FLRCOMP,WhiteBody:3347
故障,BRAZE_1,2024/05/30 11:44:34.5393,2024/05/30 11:44:44.7190,10.1797,JSS_WE,BRAZE,WhiteBody:3326
故障,sealer_1,2024/05/30 11:44:48.6043,2024/05/30 11:45:00.1553,11.5510,JSS_PA,sealer,WhiteBody:3084
故障,CROSSTAR_1,2024/05/30 11:46:36.9144,2024/05/30 11:47:20.1362,43.2217,JSS_WE,RRDOOR,SubPart:8862
故障,FLRCOMP_1,2024/05/30 11:49:20.8396,2024/05/30 11:49:55.3399,34.5003,JSS_WE,FLRCOMP,WhiteBody:3352
故障,substrateInspectione_1,2024/05/30 11:52:11.0566,2024/05/30 11:52:23.3621,12.3055,JSS_PA,substrateInspectione,WhiteBody:3031
故障,FLRCOMP_1,2024/05/30 11:51:38.0099,2024/05/30 11:52:46.9511,1:08.9412,JSS_WE,FLRCOMP,WhiteBody:3354
故障,substrateInspectione_1,2024/05/30 11:52:50.0375,2024/05/30 11:53:01.9537,11.9161,JSS_PA,substrateInspectione,WhiteBody:3032
故障,FRFLR_1,2024/05/30 11:53:45.9195,2024/05/30 11:53:57.3750,11.4555,JSS_WE,FRFLR,WhiteBody:3372
故障,liquidWrapping_1,2024/05/30 11:55:03.5854,2024/05/30 11:55:34.2562,30.6708,JSS_PA,liquidWrapping,WhiteBody:2752
故障,substrateInspectione_1,2024/05/30 11:56:26.4857,2024/05/30 11:56:35.4404,8.9547,JSS_PA,substrateInspectione,WhiteBody:3035
故障,removeJig_1,2024/05/30 11:56:48.0336,2024/05/30 11:57:38.7556,50.7220,JSS_PA,removeJig,WhiteBody:2734
故障,TGSub_1,2024/05/30 11:58:59.1067,2024/05/30 11:59:49.2560,50.1493,JSS_WE,TGSub,SubPart:8889
故障,BRAZE_1,2024/05/30 12:01:23.0293,2024/05/30 12:01:34.6644,11.6350,JSS_WE,BRAZE,WhiteBody:3342
故障,BRAZE_1,2024/05/30 12:02:56.1429,2024/05/30 12:03:14.4423,18.2994,JSS_WE,BRAZE,WhiteBody:3343
故障,G_1,2024/05/30 12:04:32.1314,2024/05/30 12:04:49.4585,17.3271,JSS_AF,G,WhiteBody:2475
故障,BRAZE_1,2024/05/30 12:07:30.3047,2024/05/30 12:07:35.1573,4.8527,JSS_WE,BRAZE,WhiteBody:3348
故障,FRFLR_1,2024/05/30 12:08:59.7580,2024/05/30 12:09:19.5631,19.8051,JSS_WE,FRFLR,WhiteBody:3388
故障,INNFRM_GW_1,2024/05/30 12:07:48.3750,2024/05/30 12:09:54.8251,2:06.4501,JSS_WE,INNFRM_GW,WhiteBody:3360
故障,FLRCOMP_1,2024/05/30 12:10:05.5673,2024/05/30 12:10:36.7392,31.1720,JSS_WE,FLRCOMP,WhiteBody:3372
故障,sealer_1,2024/05/30 12:12:26.3925,2024/05/30 12:13:43.3914,1:16.9989,JSS_PA,sealer,WhiteBody:3111
故障,substrateInspectione_1,2024/05/30 12:14:06.3247,2024/05/30 12:14:25.8233,19.4985,JSS_PA,substrateInspectione,WhiteBody:3053
故障,F_1,2024/05/30 12:14:06.0315,2024/05/30 12:14:32.4928,26.4613,JSS_AF,F,WhiteBody:2519
故障,substrateInspectione_1,2024/05/30 12:14:27.1263,2024/05/30 12:14:50.8118,23.6855,JSS_PA,substrateInspectione,WhiteBody:3053
故障,liquidWrapping_1,2024/05/30 12:15:05.3481,2024/05/30 12:15:50.8102,45.4621,JSS_PA,liquidWrapping,WhiteBody:2772
故障,F3_1,2024/05/30 12:15:59.5602,2024/05/30 12:16:07.5296,7.9694,JSS_WE,F3,WhiteBody:3305
故障,substrateInspectione_1,2024/05/30 12:16:07.1423,2024/05/30 12:16:49.9176,42.7753,JSS_PA,substrateInspectione,WhiteBody:3055
故障,FLRCOMP_1,2024/05/30 12:16:33.3300,2024/05/30 12:17:07.1834,33.8534,JSS_WE,FLRCOMP,WhiteBody:3378
故障,F1_1,2024/05/30 12:15:34.1752,2024/05/30 12:17:16.1619,1:41.9867,JSS_WE,F1,WhiteBody:3332
故障,liquidWrapping_1,2024/05/30 12:16:24.0332,2024/05/30 12:17:40.1001,1:16.0669,JSS_PA,liquidWrapping,WhiteBody:2772
故障,CROSSTAR_1,2024/05/30 12:17:04.8919,2024/05/30 12:17:45.6162,40.7243,JSS_WE,RRDOOR,SubPart:8923
故障,BRAZE_1,2024/05/30 12:17:54.1085,2024/05/30 12:17:57.8969,3.7884,JSS_WE,BRAZE,WhiteBody:3357
故障,G_1,2024/05/30 12:18:45.2815,2024/05/30 12:19:18.2509,32.9695,JSS_AF,G,WhiteBody:2489
故障,removeJig_1,2024/05/30 12:20:48.4283,2024/05/30 12:21:03.7512,15.3228,JSS_PA,removeJig,WhiteBody:2755
故障,FRFLR_1,2024/05/30 12:20:08.1906,2024/05/30 12:21:42.6034,1:34.4128,JSS_WE,FRFLR,WhiteBody:3399
故障,FRFLR_1,2024/05/30 12:22:06.6672,2024/05/30 12:22:38.6943,32.0271,JSS_WE,FRFLR,WhiteBody:3399
故障,TGSub_1,2024/05/30 12:21:47.9806,2024/05/30 12:22:51.6012,1:03.6206,JSS_WE,TGSub,SubPart:8934
故障,substrateInspectione_1,2024/05/30 12:22:43.0728,2024/05/30 12:22:57.8769,14.8041,JSS_PA,substrateInspectione,WhiteBody:3061
故障,FRFLR_1,2024/05/30 12:23:17.5601,2024/05/30 12:24:33.4400,1:15.8799,JSS_WE,FRFLR,WhiteBody:3400
故障,substrateInspectione_1,2024/05/30 12:26:46.9893,2024/05/30 12:26:55.2524,8.2631,JSS_PA,substrateInspectione,WhiteBody:3065
故障,liquidWrapping_1,2024/05/30 12:27:32.9012,2024/05/30 12:28:24.2828,51.3816,JSS_PA,liquidWrapping,WhiteBody:2782
故障,TGSub_1,2024/05/30 12:28:46.0883,2024/05/30 12:29:24.4222,38.3339,JSS_WE,TGSub,SubPart:8947
故障,INNFRM_GW_1,2024/05/30 12:28:30.6392,2024/05/30 12:30:52.0429,2:21.4036,JSS_WE,INNFRM_GW,WhiteBody:3380
故障,FRFLR_1,2024/05/30 12:30:38.3305,2024/05/30 12:31:29.4742,51.1438,JSS_WE,FRFLR,WhiteBody:3406
故障,CROSSTAR_1,2024/05/30 12:29:30.1695,2024/05/30 12:31:42.6371,2:12.4676,JSS_WE,RRDOOR,SubPart:8948
故障,G_1,2024/05/30 12:31:47.2199,2024/05/30 12:32:04.0323,16.8124,JSS_AF,G,WhiteBody:2501
故障,F2_1,2024/05/30 12:36:23.4652,2024/05/30 12:36:30.9585,7.4933,JSS_WE,F2,WhiteBody:3340
故障,D_1,2024/05/30 12:37:05.7339,2024/05/30 12:37:18.4721,12.7382,JSS_AF,D,WhiteBody:2594
故障,F_1,2024/05/30 12:35:38.5394,2024/05/30 12:37:26.0574,1:47.5180,JSS_AF,F,WhiteBody:2540
故障,A_1,2024/05/30 12:36:12.0746,2024/05/30 12:37:59.4425,1:47.3679,JSS_AF,A,WhiteBody:2703
故障,F1_1,2024/05/30 12:37:32.1613,2024/05/30 12:38:00.5438,28.3825,JSS_WE,F1,WhiteBody:3353
故障,FRFLR_1,2024/05/30 12:37:45.2133,2024/05/30 12:38:15.6986,30.4853,JSS_WE,FRFLR,WhiteBody:3413
故障,F3_1,2024/05/30 12:38:13.7071,2024/05/30 12:38:20.4453,6.7382,JSS_WE,F3,WhiteBody:3327
故障,A_1,2024/05/30 12:39:39.3546,2024/05/30 12:39:54.3626,15.0080,JSS_AF,A,WhiteBody:2705
故障,substrateInspectione_1,2024/05/30 12:39:25.7927,2024/05/30 12:39:59.7946,34.0019,JSS_PA,substrateInspectione,WhiteBody:3078
故障,FLRCOMP_1,2024/05/30 12:39:53.2054,2024/05/30 12:40:49.8470,56.6417,JSS_WE,FLRCOMP,WhiteBody:3403
故障,liquidWrapping_1,2024/05/30 12:40:39.2955,2024/05/30 12:42:07.5265,1:28.2310,JSS_PA,liquidWrapping,WhiteBody:2794
故障,INNFRM_GW_1,2024/05/30 12:40:49.2000,2024/05/30 12:42:53.6101,2:04.4101,JSS_WE,INNFRM_GW,WhiteBody:3390
故障,A_1,2024/05/30 12:44:49.8532,2024/05/30 12:45:22.8804,33.0272,JSS_AF,A,WhiteBody:2710
故障,TGSub_1,2024/05/30 12:45:03.2226,2024/05/30 12:45:48.2054,44.9828,JSS_WE,TGSub,SubPart:8979
故障,liquidWrapping_1,2024/05/30 12:45:06.6813,2024/05/30 12:45:56.9142,50.2329,JSS_PA,liquidWrapping,WhiteBody:2797
故障,F1_1,2024/05/30 12:47:37.8825,2024/05/30 12:48:20.4050,42.5225,JSS_WE,F1,WhiteBody:3362
故障,sealerOV_1,2024/05/30 12:48:33.3190,2024/05/30 12:49:24.0065,50.6875,JSS_PA,sealerOV,WhiteBody:3114
故障,BRAZE_1,2024/05/30 12:49:29.8334,2024/05/30 12:49:51.0183,21.1849,JSS_WE,BRAZE,WhiteBody:3385
故障,F3_1,2024/05/30 12:49:27.0742,2024/05/30 12:49:52.9836,25.9094,JSS_WE,F3,WhiteBody:3338
故障,G_1,2024/05/30 12:50:22.5739,2024/05/30 12:50:37.5120,14.9381,JSS_AF,G,WhiteBody:2519
故障,substrateInspectione_1,2024/05/30 12:50:30.9261,2024/05/30 12:50:41.8011,10.8750,JSS_PA,substrateInspectione,WhiteBody:3089
故障,BRAZE_1,2024/05/30 12:50:37.7102,2024/05/30 12:50:47.7333,10.0231,JSS_WE,BRAZE,WhiteBody:3386
故障,B_1,2024/05/30 12:50:39.3672,2024/05/30 12:51:26.0759,46.7087,JSS_AF,B,WhiteBody:2665
故障,F2_1,2024/05/30 12:51:40.9747,2024/05/30 12:52:16.6953,35.7205,JSS_WE,F2,WhiteBody:3355
故障,CROSSTAR_1,2024/05/30 12:53:35.0972,2024/05/30 12:54:18.4508,43.3536,JSS_WE,RRDOOR,SubPart:8996
故障,removeJig_1,2024/05/30 12:57:17.3186,2024/05/30 12:57:36.6878,19.3692,JSS_PA,removeJig,WhiteBody:2789
故障,FRFLR_1,2024/05/30 12:57:13.4772,2024/05/30 12:57:54.2754,40.7983,JSS_WE,FRFLR,WhiteBody:3433
故障,TGSub_1,2024/05/30 12:55:53.0916,2024/05/30 12:58:37.5259,2:44.4344,JSS_WE,TGSub,SubPart:8999
故障,substrateInspectione_1,2024/05/30 12:58:39.8259,2024/05/30 12:59:06.7882,26.9623,JSS_PA,substrateInspectione,WhiteBody:3098
故障,BRAZE_1,2024/05/30 12:59:10.2507,2024/05/30 12:59:44.0192,33.7685,JSS_WE,BRAZE,WhiteBody:3395
故障,liquidWrapping_1,2024/05/30 13:00:09.2112,2024/05/30 13:00:42.7166,33.5055,JSS_PA,liquidWrapping,WhiteBody:2811
故障,BRAZE_1,2024/05/30 13:01:34.1386,2024/05/30 13:02:51.3451,1:17.2065,JSS_WE,BRAZE,WhiteBody:3397
故障,BRAZE_1,2024/05/30 13:03:23.5879,2024/05/30 13:03:29.0232,5.4352,JSS_WE,BRAZE,WhiteBody:3398
故障,F2_1,2024/05/30 13:03:25.0161,2024/05/30 13:03:36.0303,11.0142,JSS_WE,F2,WhiteBody:3366
故障,BRAZE_1,2024/05/30 13:04:30.8478,2024/05/30 13:04:40.7578,9.9100,JSS_WE,BRAZE,WhiteBody:3399
故障,CROSSTAR_1,2024/05/30 13:03:47.7245,2024/05/30 13:04:53.6543,1:05.9298,JSS_WE,RRDOOR,SubPart:9012
故障,FLRCOMP_1,2024/05/30 13:03:17.6347,2024/05/30 13:05:03.5447,1:45.9100,JSS_WE,FLRCOMP,WhiteBody:3426
故障,TGSub_1,2024/05/30 13:05:16.6874,2024/05/30 13:05:43.4372,26.7498,JSS_WE,TGSub,SubPart:9015
故障,liquidWrapping_1,2024/05/30 13:05:34.8867,2024/05/30 13:05:55.8362,20.9494,JSS_PA,liquidWrapping,WhiteBody:2816
故障,substrateInspectione_1,2024/05/30 13:07:06.0695,2024/05/30 13:07:19.0050,12.9356,JSS_PA,substrateInspectione,WhiteBody:3106
故障,substrateInspectione_1,2024/05/30 13:07:20.0093,2024/05/30 13:07:24.4235,4.4142,JSS_PA,substrateInspectione,WhiteBody:3106
機種CH,FRFLR_1,2024/05/30 13:05:54.7577,2024/05/30 13:07:54.7577,2:00.0000,JSS_WE,FRFLR,WhiteBody:3442
故障,sealerOV_1,2024/05/30 13:07:40.8458,2024/05/30 13:08:21.2247,40.3789,JSS_PA,sealerOV,WhiteBody:3132
故障,substrateInspectione_1,2024/05/30 13:09:21.6555,2024/05/30 13:09:41.8758,20.2203,JSS_PA,substrateInspectione,WhiteBody:3108
故障,BRAZE_1,2024/05/30 13:09:46.7029,2024/05/30 13:10:09.6657,22.9627,JSS_WE,BRAZE,WhiteBody:3404
故障,F3_1,2024/05/30 13:10:17.2793,2024/05/30 13:10:58.0339,40.7546,JSS_WE,F3,WhiteBody:3359
故障,coatingInspection_1,2024/05/30 13:12:13.6513,2024/05/30 13:12:30.9531,17.3018,JSS_PA,coatingInspection,WhiteBody:2912
故障,F2_1,2024/05/30 13:13:17.4495,2024/05/30 13:13:32.1704,14.7208,JSS_WE,F2,WhiteBody:3374
故障,substrateInspectione_1,2024/05/30 13:13:00.7640,2024/05/30 13:13:51.3462,50.5822,JSS_PA,substrateInspectione,WhiteBody:3112
故障,liquidWrapping_1,2024/05/30 13:13:20.7368,2024/05/30 13:15:06.4777,1:45.7408,JSS_PA,liquidWrapping,WhiteBody:2824
故障,substrateInspectione_1,2024/05/30 13:15:58.9016,2024/05/30 13:16:09.6650,10.7634,JSS_PA,substrateInspectione,WhiteBody:3114
故障,F3_1,2024/05/30 13:15:31.9632,2024/05/30 13:16:09.7275,37.7643,JSS_WE,F3,WhiteBody:3363
故障,coatingInspection_1,2024/05/30 13:16:05.3252,2024/05/30 13:16:26.3717,21.0465,JSS_PA,coatingInspection,WhiteBody:2915
故障,F2_1,2024/05/30 13:16:40.2555,2024/05/30 13:17:25.1935,44.9380,JSS_WE,F2,WhiteBody:3377
故障,removeJig_1,2024/05/30 13:18:15.4446,2024/05/30 13:18:21.3651,5.9206,JSS_PA,removeJig,WhiteBody:2807
故障,A_1,2024/05/30 13:19:37.2987,2024/05/30 13:20:03.0679,25.7691,JSS_AF,A,WhiteBody:2744
機種CH,FLRCOMP_1,2024/05/30 13:19:13.0623,2024/05/30 13:21:13.0623,2:00.0000,JSS_WE,FLRCOMP,WhiteBody:3442
故障,CROSSTAR_1,2024/05/30 13:26:35.8366,2024/05/30 13:26:46.3603,10.5237,JSS_WE,RRDOOR,SubPart:9048
故障,CROSSTAR_1,2024/05/30 13:27:56.3770,2024/05/30 13:27:57.6127,1.2357,JSS_WE,RRDOOR,SubPart:9048
故障,CROSSTAR_1,2024/05/30 13:31:46.5398,2024/05/30 13:32:46.6429,1:00.1030,JSS_WE,RRDOOR,SubPart:9058
故障,removeJig_1,2024/05/30 13:32:42.7593,2024/05/30 13:32:54.5905,11.8312,JSS_PA,removeJig,WhiteBody:2811
故障,sealerOV_1,2024/05/30 13:35:58.8360,2024/05/30 13:36:32.7286,33.8926,JSS_PA,sealerOV,WhiteBody:3150
故障,sealer_1,2024/05/30 13:38:12.0819,2024/05/30 13:38:19.0389,6.9571,JSS_PA,sealer,WhiteBody:3186
故障,INNFRM_GW_1,2024/05/30 13:37:03.5934,2024/05/30 13:40:19.8989,3:16.3055,JSS_WE,INNFRM_GW,WhiteBody:3436
故障,sealer_1,2024/05/30 13:40:35.9000,2024/05/30 13:40:42.0011,6.1011,JSS_PA,sealer,WhiteBody:3188
故障,FRFLR_1,2024/05/30 13:40:14.5321,2024/05/30 13:41:09.2505,54.7185,JSS_WE,FRFLR,WhiteBody:3465
故障,F3_1,2024/05/30 13:41:29.0029,2024/05/30 13:41:49.1041,20.1012,JSS_WE,F3,WhiteBody:3379
故障,FRFLR_1,2024/05/30 13:41:50.3534,2024/05/30 13:42:45.2069,54.8534,JSS_WE,FRFLR,WhiteBody:3466
故障,coatingInspection_1,2024/05/30 13:42:53.6720,2024/05/30 13:42:56.1237,2.4517,JSS_PA,coatingInspection,WhiteBody:2931
故障,BRAZE_1,2024/05/30 13:43:22.8392,2024/05/30 13:43:30.4757,7.6365,JSS_WE,BRAZE,WhiteBody:3428
故障,FLRCOMP_1,2024/05/30 13:42:42.9885,2024/05/30 13:43:32.7370,49.7485,JSS_WE,FLRCOMP,WhiteBody:3454
故障,CROSSTAR_1,2024/05/30 13:42:21.2577,2024/05/30 13:43:51.2285,1:29.9707,JSS_WE,RRDOOR,SubPart:9086
故障,substrateInspectione_1,2024/05/30 13:44:27.8219,2024/05/30 13:44:39.8334,12.0115,JSS_PA,substrateInspectione,WhiteBody:3133
故障,FRFLR_1,2024/05/30 13:44:37.8625,2024/05/30 13:44:44.1663,6.3037,JSS_WE,FRFLR,WhiteBody:3468
故障,CROSSTAR_1,2024/05/30 13:44:59.0688,2024/05/30 13:45:32.2377,33.1689,JSS_WE,RRDOOR,SubPart:9093
故障,FLRCOMP_1,2024/05/30 13:44:52.9211,2024/05/30 13:46:03.0156,1:10.0945,JSS_WE,FLRCOMP,WhiteBody:3455
機種CH,INNFRM_GW_1,2024/05/30 13:45:12.0546,2024/05/30 13:47:12.0546,2:00.0000,JSS_WE,INNFRM_GW,WhiteBody:3442
故障,sealer_1,2024/05/30 13:49:21.1994,2024/05/30 13:49:48.3990,27.1996,JSS_PA,sealer,WhiteBody:3197
故障,coatingInspection_1,2024/05/30 13:49:56.1596,2024/05/30 13:50:15.2601,19.1005,JSS_PA,coatingInspection,WhiteBody:2938
故障,BRAZE_1,2024/05/30 13:51:16.3915,2024/05/30 13:52:08.2864,51.8950,JSS_WE,BRAZE,WhiteBody:3434
故障,F1_1,2024/05/30 13:52:04.5122,2024/05/30 13:52:10.2594,5.7472,JSS_WE,F1,WhiteBody:3413
故障,substrateInspectione_1,2024/05/30 13:52:01.5292,2024/05/30 13:52:18.0800,16.5508,JSS_PA,substrateInspectione,WhiteBody:3141
故障,FLRCOMP_1,2024/05/30 13:50:11.1245,2024/05/30 13:52:32.7757,2:21.6513,JSS_WE,FLRCOMP,WhiteBody:3460
故障,INNFRM_GW_1,2024/05/30 13:51:06.2172,2024/05/30 13:52:58.5116,1:52.2945,JSS_WE,INNFRM_GW,WhiteBody:3446
故障,coatingInspection_1,2024/05/30 13:54:16.9019,2024/05/30 13:54:21.4777,4.5758,JSS_PA,coatingInspection,WhiteBody:2942
故障,substrateInspectione_1,2024/05/30 13:54:51.7191,2024/05/30 13:55:04.4221,12.7030,JSS_PA,substrateInspectione,WhiteBody:3144
故障,sealerOV_1,2024/05/30 13:53:49.8033,2024/05/30 13:55:07.4097,1:17.6064,JSS_PA,sealerOV,WhiteBody:3168
故障,FLRCOMP_1,2024/05/30 13:55:00.1665,2024/05/30 13:56:06.1999,1:06.0335,JSS_WE,FLRCOMP,WhiteBody:3462
故障,removeJig_1,2024/05/30 13:58:27.3434,2024/05/30 13:58:29.4341,2.0907,JSS_PA,removeJig,WhiteBody:2837
故障,substrateInspectione_1,2024/05/30 13:58:50.4061,2024/05/30 13:58:59.8856,9.4795,JSS_PA,substrateInspectione,WhiteBody:3147
故障,coatingInspection_1,2024/05/30 13:59:06.2637,2024/05/30 13:59:21.6236,15.3599,JSS_PA,coatingInspection,WhiteBody:2947
故障,FRFLR_1,2024/05/30 14:00:25.7549,2024/05/30 14:01:06.4984,40.7436,JSS_WE,FRFLR,WhiteBody:3484
機種CH,BRAZE_1,2024/05/30 14:00:10.0490,2024/05/30 14:02:10.0490,2:00.0000,JSS_WE,BRAZE,WhiteBody:3442
故障,coatingInspection_1,2024/05/30 14:02:38.4262,2024/05/30 14:03:03.8128,25.3866,JSS_PA,coatingInspection,WhiteBody:2950
故障,substrateInspectione_1,2024/05/30 14:03:58.2063,2024/05/30 14:04:07.5743,9.3680,JSS_PA,substrateInspectione,WhiteBody:3152
故障,substrateInspectione_1,2024/05/30 14:05:30.1965,2024/05/30 14:06:41.5697,1:11.3732,JSS_PA,substrateInspectione,WhiteBody:3153
故障,CROSSTAR_1,2024/05/30 14:08:21.7836,2024/05/30 14:08:47.8159,26.0323,JSS_WE,RRDOOR,SubPart:9152
故障,C_1,2024/05/30 14:07:47.5308,2024/05/30 14:08:56.2831,1:08.7522,JSS_AF,C,WhiteBody:2703
故障,substrateInspectione_1,2024/05/30 14:08:36.6509,2024/05/30 14:09:10.6895,34.0386,JSS_PA,substrateInspectione,WhiteBody:3155
故障,sealerOV_1,2024/05/30 14:08:46.1462,2024/05/30 14:09:17.7498,31.6036,JSS_PA,sealerOV,WhiteBody:3181
故障,BRAZE_1,2024/05/30 14:08:50.5398,2024/05/30 14:09:18.2897,27.7499,JSS_WE,BRAZE,WhiteBody:3448
故障,BRAZE_1,2024/05/30 14:10:46.4965,2024/05/30 14:11:57.9969,1:11.5004,JSS_WE,BRAZE,WhiteBody:3450
機種CH,SR_1,2024/05/30 14:10:37.3490,2024/05/30 14:12:37.3490,2:00.0000,JSS_WE,SR,WhiteBody:3442
機種CH,TGSub_1,2024/05/30 14:12:27.3490,2024/05/30 14:14:27.3490,2:00.0000,JSS_WE,TGSub,SubPart:9161
故障,F2_1,2024/05/30 14:14:11.6047,2024/05/30 14:15:01.1030,49.4982,JSS_WE,F2,WhiteBody:3420
故障,F2_1,2024/05/30 14:16:13.6850,2024/05/30 14:16:22.6536,8.9686,JSS_WE,F2,WhiteBody:3422
故障,substrateInspectione_1,2024/05/30 14:17:18.2438,2024/05/30 14:17:47.1312,28.8874,JSS_PA,substrateInspectione,WhiteBody:3164
故障,sealer_1,2024/05/30 14:19:56.4825,2024/05/30 14:20:09.2583,12.7758,JSS_PA,sealer,WhiteBody:3227
故障,FLRCOMP_1,2024/05/30 14:25:08.8152,2024/05/30 14:25:40.7200,31.9048,JSS_WE,FLRCOMP,WhiteBody:3493
故障,FRFLR_1,2024/05/30 14:25:13.5880,2024/05/30 14:25:50.0418,36.4538,JSS_WE,FRFLR,WhiteBody:3509
故障,substrateInspectione_1,2024/05/30 14:26:04.6352,2024/05/30 14:26:24.1704,19.5353,JSS_PA,substrateInspectione,WhiteBody:3172
故障,removeJig_1,2024/05/30 14:26:43.2581,2024/05/30 14:27:14.6418,31.3837,JSS_PA,removeJig,WhiteBody:2865
故障,BRAZE_1,2024/05/30 14:26:47.6711,2024/05/30 14:27:26.0905,38.4194,JSS_WE,BRAZE,WhiteBody:3466
故障,BRAZE_1,2024/05/30 14:28:25.2549,2024/05/30 14:28:34.2806,9.0257,JSS_WE,BRAZE,WhiteBody:3467
故障,substrateInspectione_1,2024/05/30 14:28:36.3669,2024/05/30 14:28:45.4715,9.1046,JSS_PA,substrateInspectione,WhiteBody:3175
機種CH,F1_1,2024/05/30 14:27:04.0490,2024/05/30 14:29:04.0490,2:00.0000,JSS_WE,F1,WhiteBody:3442
故障,sealer_1,2024/05/30 14:32:01.4478,2024/05/30 14:32:28.7589,27.3111,JSS_PA,sealer,WhiteBody:3238
故障,F1_1,2024/05/30 14:33:19.0504,2024/05/30 14:33:52.7777,33.7273,JSS_WE,F1,WhiteBody:3446
故障,D_1,2024/05/30 14:35:01.4505,2024/05/30 14:35:05.2590,3.8085,JSS_AF,D,WhiteBody:2702
故障,sealer_1,2024/05/30 14:35:25.6393,2024/05/30 14:35:38.7309,13.0916,JSS_PA,sealer,WhiteBody:3241
故障,substrateInspectione_1,2024/05/30 14:34:54.3092,2024/05/30 14:35:44.6428,50.3336,JSS_PA,substrateInspectione,WhiteBody:3181
故障,coatingInspection_1,2024/05/30 14:36:56.7615,2024/05/30 14:37:18.6612,21.8996,JSS_PA,coatingInspection,WhiteBody:2984
故障,substrateInspectione_1,2024/05/30 14:37:43.3634,2024/05/30 14:38:08.5795,25.2162,JSS_PA,substrateInspectione,WhiteBody:3183
故障,F2_1,2024/05/30 14:37:46.9569,2024/05/30 14:38:13.2084,26.2515,JSS_WE,F2,WhiteBody:3440
故障,TGSub_1,2024/05/30 14:37:17.7519,2024/05/30 14:38:19.0360,1:01.2841,JSS_WE,TGSub,SubPart:9217
故障,liquidWrapping_1,2024/05/30 14:38:44.1082,2024/05/30 14:39:22.5516,38.4433,JSS_PA,liquidWrapping,WhiteBody:2897
故障,BRAZE_1,2024/05/30 14:38:55.8821,2024/05/30 14:39:23.3955,27.5133,JSS_WE,BRAZE,WhiteBody:3477
故障,substrateInspectione_1,2024/05/30 14:39:45.2625,2024/05/30 14:39:46.7753,1.5128,JSS_PA,substrateInspectione,WhiteBody:3184
機種CH,F2_1,2024/05/30 14:39:53.2279,2024/05/30 14:41:53.2279,2:00.0000,JSS_WE,F2,WhiteBody:3442
故障,FRFLR_1,2024/05/30 14:41:59.3046,2024/05/30 14:42:14.7046,15.4000,JSS_WE,FRFLR,WhiteBody:3527
故障,FLRCOMP_1,2024/05/30 14:43:05.7941,2024/05/30 14:43:40.7705,34.9765,JSS_WE,FLRCOMP,WhiteBody:3512
故障,BRAZE_1,2024/05/30 14:44:04.9877,2024/05/30 14:44:35.6128,30.6251,JSS_WE,BRAZE,WhiteBody:3482
故障,FLRCOMP_1,2024/05/30 14:45:42.1761,2024/05/30 14:45:51.6348,9.4587,JSS_WE,FLRCOMP,WhiteBody:3514
故障,FLRCOMP_1,2024/05/30 14:45:59.9564,2024/05/30 14:46:40.6937,40.7373,JSS_WE,FLRCOMP,WhiteBody:3514
故障,F2_1,2024/05/30 14:47:16.1914,2024/05/30 14:47:20.5591,4.3677,JSS_WE,F2,WhiteBody:3447
故障,FRFLR_1,2024/05/30 14:47:49.7144,2024/05/30 14:47:54.4946,4.7802,JSS_WE,FRFLR,WhiteBody:3532
故障,G_1,2024/05/30 14:47:58.5773,2024/05/30 14:48:23.2982,24.7209,JSS_AF,G,WhiteBody:2625
故障,F3_1,2024/05/30 14:48:19.5621,2024/05/30 14:48:34.0699,14.5078,JSS_WE,F3,WhiteBody:3436
故障,F_1,2024/05/30 14:49:03.4489,2024/05/30 14:50:45.6173,1:42.1684,JSS_AF,F,WhiteBody:2661
故障,FRFLR_1,2024/05/30 14:50:03.1926,2024/05/30 14:51:07.7976,1:04.6050,JSS_WE,FRFLR,WhiteBody:3534
故障,FLRCOMP_1,2024/05/30 14:49:23.2552,2024/05/30 14:51:18.6021,1:55.3469,JSS_WE,FLRCOMP,WhiteBody:3517
故障,coatingInspection_1,2024/05/30 14:51:07.3110,2024/05/30 14:51:23.2995,15.9885,JSS_PA,coatingInspection,WhiteBody:2998
故障,substrateInspectione_1,2024/05/30 14:54:08.9924,2024/05/30 14:54:28.3929,19.4005,JSS_PA,substrateInspectione,WhiteBody:3200
機種CH,F3_1,2024/05/30 14:53:32.9357,2024/05/30 14:55:32.9357,2:00.0000,JSS_WE,F3,WhiteBody:3442
故障,BRAZE_1,2024/05/30 14:56:01.4054,2024/05/30 14:56:12.6683,11.2630,JSS_WE,BRAZE,WhiteBody:3494
故障,FLRCOMP_1,2024/05/30 14:57:39.8976,2024/05/30 14:58:00.4941,20.5965,JSS_WE,FLRCOMP,WhiteBody:3523
故障,BRAZE_1,2024/05/30 14:59:15.4292,2024/05/30 14:59:29.6675,14.2383,JSS_WE,BRAZE,WhiteBody:3498
故障,coatingInspection_1,2024/05/30 14:59:08.4829,2024/05/30 14:59:31.9348,23.4519,JSS_PA,coatingInspection,WhiteBody:3005
故障,sealer_1,2024/05/30 14:59:12.7878,2024/05/30 14:59:45.1720,32.3842,JSS_PA,sealer,WhiteBody:3265
故障,FRFLR_1,2024/05/30 14:59:29.9689,2024/05/30 14:59:52.2647,22.2958,JSS_WE,FRFLR,WhiteBody:3542
故障,FRFLR_1,2024/05/30 15:01:29.9901,2024/05/30 15:01:38.0127,8.0225,JSS_WE,FRFLR,WhiteBody:3544
故障,CROSSTAR_1,2024/05/30 15:01:38.2631,2024/05/30 15:02:10.8301,32.5669,JSS_WE,RRDOOR,SubPart:9278
故障,substrateInspectione_1,2024/05/30 15:02:41.5925,2024/05/30 15:02:58.8478,17.2553,JSS_PA,substrateInspectione,WhiteBody:3208
故障,FRFLR_1,2024/05/30 15:03:06.3000,2024/05/30 15:04:24.5166,1:18.2166,JSS_WE,FRFLR,WhiteBody:3545
故障,BRAZE_1,2024/05/30 15:05:43.1188,2024/05/30 15:06:11.4389,28.3202,JSS_WE,BRAZE,WhiteBody:3504
故障,sealerOV_1,2024/05/30 15:05:55.1459,2024/05/30 15:06:45.5726,50.4267,JSS_PA,sealerOV,WhiteBody:3238
故障,sealer_1,2024/05/30 15:07:01.3133,2024/05/30 15:07:15.9243,14.6110,JSS_PA,sealer,WhiteBody:3272
故障,FRFLR_1,2024/05/30 15:08:47.3830,2024/05/30 15:08:52.5566,5.1735,JSS_WE,FRFLR,WhiteBody:3550
故障,substrateInspectione_1,2024/05/30 15:08:44.3374,2024/05/30 15:09:00.7938,16.4563,JSS_PA,substrateInspectione,WhiteBody:3214
故障,BRAZE_1,2024/05/30 15:09:07.6130,2024/05/30 15:09:10.6154,3.0023,JSS_WE,BRAZE,WhiteBody:3507
故障,TGSub_1,2024/05/30 15:08:47.6635,2024/05/30 15:09:29.7293,42.0659,JSS_WE,TGSub,SubPart:9297
故障,BRAZE_1,2024/05/30 15:09:51.5621,2024/05/30 15:10:02.9312,11.3691,JSS_WE,BRAZE,WhiteBody:3508
故障,substrateInspectione_1,2024/05/30 15:11:48.2123,2024/05/30 15:11:51.3825,3.1702,JSS_PA,substrateInspectione,WhiteBody:3217
故障,D_1,2024/05/30 15:12:16.8282,2024/05/30 15:13:05.5813,48.7531,JSS_AF,D,WhiteBody:2738
故障,F2_1,2024/05/30 15:12:49.5320,2024/05/30 15:13:07.4241,17.8921,JSS_WE,F2,WhiteBody:3473
故障,F3_1,2024/05/30 15:13:01.0222,2024/05/30 15:13:25.9036,24.8814,JSS_WE,F3,WhiteBody:3459
故障,sealerOV_1,2024/05/30 15:16:15.8952,2024/05/30 15:16:54.7177,38.8225,JSS_PA,sealerOV,WhiteBody:3247
故障,coatingInspection_1,2024/05/30 15:19:38.4497,2024/05/30 15:19:47.7339,9.2841,JSS_PA,coatingInspection,WhiteBody:3025
故障,FLRCOMP_1,2024/05/30 15:20:44.2916,2024/05/30 15:21:11.8073,27.5157,JSS_WE,FLRCOMP,WhiteBody:3543
故障,sealerOV_1,2024/05/30 15:22:38.5400,2024/05/30 15:22:48.0718,9.5318,JSS_PA,sealerOV,WhiteBody:3253
故障,A_1,2024/05/30 15:22:25.3089,2024/05/30 15:22:55.1188,29.8099,JSS_AF,A,WhiteBody:2857
故障,removeJig_1,2024/05/30 15:22:43.1306,2024/05/30 15:23:01.1851,18.0545,JSS_PA,removeJig,WhiteBody:2920
故障,F2_1,2024/05/30 15:24:03.0174,2024/05/30 15:24:14.1714,11.1540,JSS_WE,F2,WhiteBody:3480
故障,G_1,2024/05/30 15:24:14.1082,2024/05/30 15:24:27.8874,13.7792,JSS_AF,G,WhiteBody:2660
故障,sealer_1,2024/05/30 15:25:03.4278,2024/05/30 15:25:14.5580,11.1302,JSS_PA,sealer,WhiteBody:3290
故障,CROSSTAR_1,2024/05/30 15:26:46.7328,2024/05/30 15:27:08.1881,21.4553,JSS_WE,RRDOOR,SubPart:9336
故障,F3_1,2024/05/30 15:26:48.4146,2024/05/30 15:27:12.8331,24.4185,JSS_WE,F3,WhiteBody:3469
故障,FLRCOMP_1,2024/05/30 15:26:37.0874,2024/05/30 15:27:34.0770,56.9896,JSS_WE,FLRCOMP,WhiteBody:3549
故障,F2_1,2024/05/30 15:27:26.0272,2024/05/30 15:27:37.4526,11.4254,JSS_WE,F2,WhiteBody:3483
故障,F_1,2024/05/30 15:27:22.5037,2024/05/30 15:27:46.9669,24.4632,JSS_AF,F,WhiteBody:2697
故障,BRAZE_1,2024/05/30 15:29:34.5606,2024/05/30 15:29:49.5528,14.9922,JSS_WE,BRAZE,WhiteBody:3524
故障,substrateInspectione_1,2024/05/30 15:29:18.4011,2024/05/30 15:29:58.2858,39.8847,JSS_PA,substrateInspectione,WhiteBody:3235
故障,sealerOV_1,2024/05/30 15:30:03.8018,2024/05/30 15:30:21.0248,17.2230,JSS_PA,sealerOV,WhiteBody:3260
故障,substrateInspectione_1,2024/05/30 15:31:28.4655,2024/05/30 15:31:38.4906,10.0251,JSS_PA,substrateInspectione,WhiteBody:3236
故障,liquidWrapping_1,2024/05/30 15:33:33.4308,2024/05/30 15:34:28.8122,55.3814,JSS_PA,liquidWrapping,WhiteBody:2951
故障,substrateInspectione_1,2024/05/30 15:35:25.9266,2024/05/30 15:35:32.2589,6.3322,JSS_PA,substrateInspectione,WhiteBody:3240
故障,removeJig_1,2024/05/30 15:35:00.8792,2024/05/30 15:36:01.9168,1:01.0376,JSS_PA,removeJig,WhiteBody:2933
故障,substrateInspectione_1,2024/05/30 15:36:08.1804,2024/05/30 15:36:34.6927,26.5123,JSS_PA,substrateInspectione,WhiteBody:3241
故障,FLRCOMP_1,2024/05/30 15:36:32.8067,2024/05/30 15:37:09.4010,36.5943,JSS_WE,FLRCOMP,WhiteBody:3559
故障,liquidWrapping_1,2024/05/30 15:37:27.6629,2024/05/30 15:38:10.9372,43.2743,JSS_PA,liquidWrapping,WhiteBody:2954
故障,F2_1,2024/05/30 15:38:13.1619,2024/05/30 15:38:39.1975,26.0356,JSS_WE,F2,WhiteBody:3494
故障,sealerOV_1,2024/05/30 15:39:42.9910,2024/05/30 15:40:24.7979,41.8069,JSS_PA,sealerOV,WhiteBody:3269
故障,removeJig_1,2024/05/30 15:41:26.6822,2024/05/30 15:41:59.9811,33.2989,JSS_PA,removeJig,WhiteBody:2937
故障,F2_1,2024/05/30 15:41:54.5541,2024/05/30 15:42:03.1034,8.5493,JSS_WE,F2,WhiteBody:3497
故障,removeJig_1,2024/05/30 15:43:38.3783,2024/05/30 15:44:18.0343,39.6560,JSS_PA,removeJig,WhiteBody:2939
故障,coatingInspection_1,2024/05/30 15:46:55.3567,2024/05/30 15:47:03.4824,8.1256,JSS_PA,coatingInspection,WhiteBody:3052
故障,F3_1,2024/05/30 15:48:08.6831,2024/05/30 15:48:27.9669,19.2838,JSS_WE,F3,WhiteBody:3490
故障,coatingInspection_1,2024/05/30 15:48:34.8178,2024/05/30 15:48:40.7781,5.9604,JSS_PA,coatingInspection,WhiteBody:3054
故障,G_1,2024/05/30 15:48:31.9545,2024/05/30 15:48:51.7221,19.7676,JSS_AF,G,WhiteBody:2684
故障,FRFLR_1,2024/05/30 15:49:36.2078,2024/05/30 15:49:46.0727,9.8649,JSS_WE,FRFLR,WhiteBody:3589
故障,B_1,2024/05/30 15:50:16.6811,2024/05/30 15:51:03.0366,46.3555,JSS_AF,B,WhiteBody:2834
故障,substrateInspectione_1,2024/05/30 15:50:56.4212,2024/05/30 15:51:13.9091,17.4879,JSS_PA,substrateInspectione,WhiteBody:3255
故障,G_1,2024/05/30 15:50:58.9618,2024/05/30 15:51:53.8496,54.8877,JSS_AF,G,WhiteBody:2686
故障,coatingInspection_1,2024/05/30 15:51:48.0286,2024/05/30 15:52:02.7062,14.6777,JSS_PA,coatingInspection,WhiteBody:3057
故障,G_1,2024/05/30 15:52:49.3052,2024/05/30 15:53:09.9821,20.6769,JSS_AF,G,WhiteBody:2687
故障,sealerOV_1,2024/05/30 15:53:24.9548,2024/05/30 15:53:46.9116,21.9567,JSS_PA,sealerOV,WhiteBody:3282
故障,FRFLR_1,2024/05/30 15:54:53.2408,2024/05/30 15:56:03.4614,1:10.2205,JSS_WE,FRFLR,WhiteBody:3594
故障,G_1,2024/05/30 15:56:37.8151,2024/05/30 15:57:01.5044,23.6893,JSS_AF,G,WhiteBody:2691
故障,F3_1,2024/05/30 15:57:08.2432,2024/05/30 15:57:26.8062,18.5630,JSS_WE,F3,WhiteBody:3498
故障,sealerOV_1,2024/05/30 15:57:22.7799,2024/05/30 15:57:51.1867,28.4067,JSS_PA,sealerOV,WhiteBody:3286
故障,removeJig_1,2024/05/30 15:58:17.8767,2024/05/30 15:59:16.0257,58.1490,JSS_PA,removeJig,WhiteBody:2953
故障,sealer_1,2024/05/30 16:01:11.9638,2024/05/30 16:01:18.5390,6.5752,JSS_PA,sealer,WhiteBody:3326
故障,sealer_1,2024/05/30 16:01:54.2808,2024/05/30 16:02:13.1599,18.8791,JSS_PA,sealer,WhiteBody:3326
機種CH,FRFLR_1,2024/05/30 16:01:51.8449,2024/05/30 16:03:51.8449,2:00.0000,JSS_WE,FRFLR,WhiteBody:3601
故障,BRAZE_1,2024/05/30 16:04:30.3225,2024/05/30 16:04:41.5393,11.2168,JSS_WE,BRAZE,WhiteBody:3560
故障,sealerOV_1,2024/05/30 16:04:54.9623,2024/05/30 16:05:16.9085,21.9463,JSS_PA,sealerOV,WhiteBody:3293
故障,substrateInspectione_1,2024/05/30 16:06:46.4675,2024/05/30 16:06:59.6427,13.1752,JSS_PA,substrateInspectione,WhiteBody:3270
故障,coatingInspection_1,2024/05/30 16:07:44.0209,2024/05/30 16:08:00.7264,16.7055,JSS_PA,coatingInspection,WhiteBody:3073
故障,liquidWrapping_1,2024/05/30 16:08:34.4262,2024/05/30 16:08:57.6028,23.1766,JSS_PA,liquidWrapping,WhiteBody:2984
故障,sealer_1,2024/05/30 16:09:03.6022,2024/05/30 16:09:13.9508,10.3486,JSS_PA,sealer,WhiteBody:3333
故障,C_1,2024/05/30 16:08:47.0581,2024/05/30 16:10:37.9697,1:50.9116,JSS_AF,C,WhiteBody:2823
故障,sealer_1,2024/05/30 16:11:40.1303,2024/05/30 16:12:11.0688,30.9385,JSS_PA,sealer,WhiteBody:3336
故障,FRFLR_1,2024/05/30 16:12:09.0670,2024/05/30 16:12:41.9071,32.8401,JSS_WE,FRFLR,WhiteBody:3609
故障,sealer_1,2024/05/30 16:13:25.1981,2024/05/30 16:13:51.1632,25.9651,JSS_PA,sealer,WhiteBody:3337
故障,sealerOV_1,2024/05/30 16:14:35.7803,2024/05/30 16:15:03.8108,28.0304,JSS_PA,sealerOV,WhiteBody:3302
故障,F3_1,2024/05/30 16:14:48.6314,2024/05/30 16:15:15.5810,26.9496,JSS_WE,F3,WhiteBody:3516
故障,coatingInspection_1,2024/05/30 16:14:57.4767,2024/05/30 16:15:22.8222,25.3455,JSS_PA,coatingInspection,WhiteBody:3080
故障,substrateInspectione_1,2024/05/30 16:17:18.5241,2024/05/30 16:17:31.1997,12.6756,JSS_PA,substrateInspectione,WhiteBody:3280
故障,F2_1,2024/05/30 16:17:53.6447,2024/05/30 16:18:00.2595,6.6149,JSS_WE,F2,WhiteBody:3534
機種CH,FLRCOMP_1,2024/05/30 16:16:32.2595,2024/05/30 16:18:32.2595,2:00.0000,JSS_WE,FLRCOMP,WhiteBody:3601
故障,coatingInspection_1,2024/05/30 16:20:52.5447,2024/05/30 16:21:16.9393,24.3946,JSS_PA,coatingInspection,WhiteBody:3085
故障,B_1,2024/05/30 16:22:02.2672,2024/05/30 16:22:11.6774,9.4103,JSS_AF,B,WhiteBody:2864
故障,removeJig_1,2024/05/30 16:23:19.9857,2024/05/30 16:23:26.4642,6.4785,JSS_PA,removeJig,WhiteBody:2978
故障,FLRCOMP_1,2024/05/30 16:23:16.2079,2024/05/30 16:23:54.1346,37.9267,JSS_WE,FLRCOMP,WhiteBody:3606
故障,sealer_1,2024/05/30 16:23:40.5584,2024/05/30 16:24:09.1782,28.6198,JSS_PA,sealer,WhiteBody:3347
故障,insertJig_1,2024/05/30 16:24:19.9624,2024/05/30 16:24:41.1440,21.1816,JSS_PA,insertJig,WhiteBody:3503
故障,FRFLR_1,2024/05/30 16:24:29.7101,2024/05/30 16:24:56.7926,27.0824,JSS_WE,FRFLR,WhiteBody:3622
故障,INNFRM_GW_1,2024/05/30 16:25:23.4131,2024/05/30 16:26:21.8042,58.3911,JSS_WE,INNFRM_GW,WhiteBody:3598
故障,BRAZE_1,2024/05/30 16:27:27.3902,2024/05/30 16:27:34.1691,6.7789,JSS_WE,BRAZE,WhiteBody:3584
故障,substrateInspectione_1,2024/05/30 16:28:25.3192,2024/05/30 16:28:33.6684,8.3492,JSS_PA,substrateInspectione,WhiteBody:3290
故障,sealerOV_1,2024/05/30 16:27:36.7113,2024/05/30 16:28:46.4779,1:09.7666,JSS_PA,sealerOV,WhiteBody:3315
故障,liquidWrapping_1,2024/05/30 16:28:38.0886,2024/05/30 16:29:10.2004,32.1119,JSS_PA,liquidWrapping,WhiteBody:3004
故障,BRAZE_1,2024/05/30 16:29:33.5299,2024/05/30 16:29:45.5511,12.0211,JSS_WE,BRAZE,WhiteBody:3586
機種CH,INNFRM_GW_1,2024/05/30 16:28:18.2506,2024/05/30 16:30:18.2506,2:00.0000,JSS_WE,INNFRM_GW,WhiteBody:3601
故障,substrateInspectione_1,2024/05/30 16:30:08.6133,2024/05/30 16:30:28.0066,19.3933,JSS_PA,substrateInspectione,WhiteBody:3292
故障,F2_1,2024/05/30 16:29:56.9925,2024/05/30 16:30:40.9360,43.9435,JSS_WE,F2,WhiteBody:3546
故障,FRFLR_1,2024/05/30 16:30:36.0211,2024/05/30 16:30:52.2334,16.2123,JSS_WE,FRFLR,WhiteBody:3628
故障,F1_1,2024/05/30 16:32:18.5414,2024/05/30 16:33:37.4796,1:18.9382,JSS_WE,F1,WhiteBody:3563
故障,substrateInspectione_1,2024/05/30 16:33:20.9458,2024/05/30 16:33:56.6595,35.7137,JSS_PA,substrateInspectione,WhiteBody:3295
故障,BRAZE_1,2024/05/30 16:35:26.1286,2024/05/30 16:35:43.8464,17.7178,JSS_WE,BRAZE,WhiteBody:3592
故障,removeJig_1,2024/05/30 16:38:12.7621,2024/05/30 16:38:31.2488,18.4867,JSS_PA,removeJig,WhiteBody:2993
故障,substrateInspectione_1,2024/05/30 16:41:09.2364,2024/05/30 16:41:17.2528,8.0164,JSS_PA,substrateInspectione,WhiteBody:3302
故障,insertJig_1,2024/05/30 16:40:14.9453,2024/05/30 16:41:18.5206,1:03.5753,JSS_PA,insertJig,WhiteBody:3519
故障,substrateInspectione_1,2024/05/30 16:41:59.1451,2024/05/30 16:42:15.0167,15.8716,JSS_PA,substrateInspectione,WhiteBody:3303
故障,FLRCOMP_1,2024/05/30 16:41:53.2456,2024/05/30 16:42:35.6164,42.3708,JSS_WE,FLRCOMP,WhiteBody:3625
故障,sealerOV_1,2024/05/30 16:43:20.7521,2024/05/30 16:43:55.8581,35.1060,JSS_PA,sealerOV,WhiteBody:3329
故障,A_1,2024/05/30 16:43:51.1917,2024/05/30 16:44:28.4917,37.3001,JSS_AF,A,WhiteBody:2938
故障,FLRCOMP_1,2024/05/30 16:44:40.6513,2024/05/30 16:45:12.5035,31.8522,JSS_WE,FLRCOMP,WhiteBody:3627
機種CH,BRAZE_1,2024/05/30 16:43:36.5026,2024/05/30 16:45:36.5026,2:00.0000,JSS_WE,BRAZE,WhiteBody:3601
故障,BRAZE_1,2024/05/30 16:49:06.7526,2024/05/30 16:49:22.9851,16.2325,JSS_WE,BRAZE,WhiteBody:3604
故障,sealerOV_1,2024/05/30 16:50:10.7488,2024/05/30 16:50:43.3282,32.5794,JSS_PA,sealerOV,WhiteBody:3336
故障,insertJig_1,2024/05/30 16:51:23.4860,2024/05/30 16:51:34.0053,10.5193,JSS_PA,insertJig,WhiteBody:3530
故障,substrateInspectione_1,2024/05/30 16:51:46.1272,2024/05/30 16:52:12.4963,26.3691,JSS_PA,substrateInspectione,WhiteBody:3313
故障,BRAZE_1,2024/05/30 16:53:57.3608,2024/05/30 16:54:03.7874,6.4266,JSS_WE,BRAZE,WhiteBody:3609
故障,sealer_1,2024/05/30 16:54:06.0764,2024/05/30 16:54:54.6788,48.6024,JSS_PA,sealer,WhiteBody:3376
故障,substrateInspectione_1,2024/05/30 16:55:00.7221,2024/05/30 16:55:12.0978,11.3756,JSS_PA,substrateInspectione,WhiteBody:3315
機種CH,SR_1,2024/05/30 16:54:19.4351,2024/05/30 16:56:19.4351,2:00.0000,JSS_WE,SR,WhiteBody:3601
故障,INNFRM_GW_1,2024/05/30 16:51:51.8812,2024/05/30 16:57:10.0289,5:18.1477,JSS_WE,INNFRM_GW,WhiteBody:3623
故障,coatingInspection_1,2024/05/30 16:58:35.7181,2024/05/30 16:58:50.5178,14.7997,JSS_PA,coatingInspection,WhiteBody:3122
故障,FRFLR_1,2024/05/30 16:58:16.3060,2024/05/30 16:58:54.9561,38.6502,JSS_WE,FRFLR,WhiteBody:3656
故障,D_1,2024/05/30 16:57:31.4084,2024/05/30 16:59:08.1437,1:36.7353,JSS_AF,D,WhiteBody:2842
故障,FLRCOMP_1,2024/05/30 16:59:48.2718,2024/05/30 17:01:33.5468,1:45.2750,JSS_WE,FLRCOMP,WhiteBody:3641
故障,liquidWrapping_1,2024/05/30 17:10:26.3795,2024/05/30 17:11:16.0216,49.6421,JSS_PA,liquidWrapping,WhiteBody:3035
故障,INNFRM_GW_1,2024/05/30 17:10:28.9142,2024/05/30 17:11:24.4026,55.4884,JSS_WE,INNFRM_GW,WhiteBody:3627
故障,liquidWrapping_1,2024/05/30 17:11:28.3985,2024/05/30 17:11:34.7610,6.3625,JSS_PA,liquidWrapping,WhiteBody:3035
機種CH,TGSub_1,2024/05/30 17:11:20.0104,2024/05/30 17:13:20.0104,2:00.0000,JSS_WE,TGSub,SubPart:9593
故障,removeJig_1,2024/05/30 17:14:22.7698,2024/05/30 17:14:35.4286,12.6588,JSS_PA,removeJig,WhiteBody:3018
故障,substrateInspectione_1,2024/05/30 17:14:26.4295,2024/05/30 17:14:46.0952,19.6658,JSS_PA,substrateInspectione,WhiteBody:3325
故障,G_1,2024/05/30 17:14:38.7263,2024/05/30 17:15:02.0354,23.3091,JSS_AF,G,WhiteBody:2757
故障,FRFLR_1,2024/05/30 17:14:27.9599,2024/05/30 17:15:19.4418,51.4819,JSS_WE,FRFLR,WhiteBody:3662
故障,substrateInspectione_1,2024/05/30 17:15:16.8396,2024/05/30 17:15:38.5334,21.6937,JSS_PA,substrateInspectione,WhiteBody:3325
故障,A_1,2024/05/30 17:15:29.1718,2024/05/30 17:15:51.3283,22.1566,JSS_AF,A,WhiteBody:2959
故障,F3_1,2024/05/30 17:17:37.0792,2024/05/30 17:18:31.5799,54.5007,JSS_WE,F3,WhiteBody:3569
故障,FLRCOMP_1,2024/05/30 17:18:08.1767,2024/05/30 17:18:50.8548,42.6782,JSS_WE,FLRCOMP,WhiteBody:3649
故障,liquidWrapping_1,2024/05/30 17:19:40.9747,2024/05/30 17:20:17.1971,36.2225,JSS_PA,liquidWrapping,WhiteBody:3043
故障,FLRCOMP_1,2024/05/30 17:19:22.5736,2024/05/30 17:20:32.9059,1:10.3322,JSS_WE,FLRCOMP,WhiteBody:3649
故障,CROSSTAR_1,2024/05/30 17:20:33.1573,2024/05/30 17:20:54.4416,21.2843,JSS_WE,RRDOOR,SubPart:9614
故障,substrateInspectione_1,2024/05/30 17:20:33.0351,2024/05/30 17:21:17.1822,44.1471,JSS_PA,substrateInspectione,WhiteBody:3330
故障,BRAZE_1,2024/05/30 17:21:26.8914,2024/05/30 17:21:38.8051,11.9137,JSS_WE,BRAZE,WhiteBody:3625
故障,coatingInspection_1,2024/05/30 17:22:33.5639,2024/05/30 17:22:36.3770,2.8131,JSS_PA,coatingInspection,WhiteBody:3136
機種CH,F1_1,2024/05/30 17:20:45.9146,2024/05/30 17:22:45.9146,2:00.0000,JSS_WE,F1,WhiteBody:3601
故障,BRAZE_1,2024/05/30 17:22:17.6623,2024/05/30 17:22:46.6151,28.9528,JSS_WE,BRAZE,WhiteBody:3626
故障,D_1,2024/05/30 17:23:01.2190,2024/05/30 17:23:15.9824,14.7635,JSS_AF,D,WhiteBody:2856
故障,INNFRM_GW_1,2024/05/30 17:21:47.7036,2024/05/30 17:24:29.5809,2:41.8773,JSS_WE,INNFRM_GW,WhiteBody:3637
故障,F1_1,2024/05/30 17:24:38.1394,2024/05/30 17:25:00.5077,22.3683,JSS_WE,F1,WhiteBody:3602
故障,liquidWrapping_1,2024/05/30 17:24:06.5504,2024/05/30 17:25:01.2957,54.7454,JSS_PA,liquidWrapping,WhiteBody:3047
故障,CROSSTAR_1,2024/05/30 17:25:06.7827,2024/05/30 17:26:15.0737,1:08.2909,JSS_WE,RRDOOR,SubPart:9627
故障,substrateInspectione_1,2024/05/30 17:26:38.1211,2024/05/30 17:26:59.1336,21.0125,JSS_PA,substrateInspectione,WhiteBody:3336
故障,FRFLR_1,2024/05/30 17:27:30.3903,2024/05/30 17:27:47.3988,17.0085,JSS_WE,FRFLR,WhiteBody:3673
故障,D_1,2024/05/30 17:27:08.8912,2024/05/30 17:27:47.4746,38.5834,JSS_AF,D,WhiteBody:2860
故障,F_1,2024/05/30 17:27:08.5780,2024/05/30 17:28:53.2169,1:44.6389,JSS_AF,F,WhiteBody:2806
故障,B_1,2024/05/30 17:29:09.8126,2024/05/30 17:29:33.4698,23.6571,JSS_AF,B,WhiteBody:2921
故障,F2_1,2024/05/30 17:29:30.9842,2024/05/30 17:29:40.8673,9.8831,JSS_WE,F2,WhiteBody:3596
故障,removeJig_1,2024/05/30 17:29:56.6591,2024/05/30 17:30:00.7012,4.0421,JSS_PA,removeJig,WhiteBody:3032
故障,sealer_1,2024/05/30 17:29:28.6525,2024/05/30 17:30:09.0780,40.4255,JSS_PA,sealer,WhiteBody:3401
故障,substrateInspectione_1,2024/05/30 17:30:14.9127,2024/05/30 17:30:27.3818,12.4691,JSS_PA,substrateInspectione,WhiteBody:3339
機種CH,FRFLR_1,2024/05/30 17:28:39.2725,2024/05/30 17:30:39.2725,2:00.0000,JSS_WE,FRFLR,WhiteBody:3674
故障,liquidWrapping_1,2024/05/30 17:30:34.8082,2024/05/30 17:30:54.3517,19.5435,JSS_PA,liquidWrapping,WhiteBody:3053
故障,FLRCOMP_1,2024/05/30 17:30:54.9259,2024/05/30 17:31:47.7740,52.8481,JSS_WE,FLRCOMP,WhiteBody:3659
故障,C_1,2024/05/30 17:31:56.6233,2024/05/30 17:32:36.3262,39.7029,JSS_AF,C,WhiteBody:2894
故障,liquidWrapping_1,2024/05/30 17:31:18.2886,2024/05/30 17:32:59.5331,1:41.2445,JSS_PA,liquidWrapping,WhiteBody:3053
故障,D_1,2024/05/30 17:32:36.8834,2024/05/30 17:33:16.8091,39.9257,JSS_AF,D,WhiteBody:2865
故障,sealer_1,2024/05/30 17:32:48.7806,2024/05/30 17:33:42.3811,53.6005,JSS_PA,sealer,WhiteBody:3404
故障,INNFRM_GW_1,2024/05/30 17:32:15.6345,2024/05/30 17:34:29.6646,2:14.0301,JSS_WE,INNFRM_GW,WhiteBody:3646
故障,substrateInspectione_1,2024/05/30 17:34:15.1532,2024/05/30 17:34:48.8158,33.6626,JSS_PA,substrateInspectione,WhiteBody:3343
機種CH,F2_1,2024/05/30 17:34:02.2935,2024/05/30 17:36:02.2935,2:00.0000,JSS_WE,F2,WhiteBody:3601
故障,D_1,2024/05/30 17:37:41.6381,2024/05/30 17:38:04.3425,22.7044,JSS_AF,D,WhiteBody:2869
故障,BRAZE_1,2024/05/30 17:40:49.6878,2024/05/30 17:41:13.2420,23.5542,JSS_WE,BRAZE,WhiteBody:3641
故障,sealerOV_1,2024/05/30 17:39:29.0980,2024/05/30 17:41:39.9273,2:10.8293,JSS_PA,sealerOV,WhiteBody:3375
故障,substrateInspectione_1,2024/05/30 17:41:25.9117,2024/05/30 17:41:43.9994,18.0877,JSS_PA,substrateInspectione,WhiteBody:3350
故障,INNFRM_GW_1,2024/05/30 17:43:22.8718,2024/05/30 17:44:12.5658,49.6939,JSS_WE,INNFRM_GW,WhiteBody:3655
故障,TGSub_1,2024/05/30 17:47:17.7143,2024/05/30 17:47:19.7243,2.0100,JSS_WE,TGSub,SubPart:9684
故障,liquidWrapping_1,2024/05/30 17:48:26.8128,2024/05/30 17:49:26.6423,59.8295,JSS_PA,liquidWrapping,WhiteBody:3068
機種CH,FLRCOMP_1,2024/05/30 17:47:40.8880,2024/05/30 17:49:40.8880,2:00.0000,JSS_WE,FLRCOMP,WhiteBody:3674
故障,substrateInspectione_1,2024/05/30 17:49:42.3618,2024/05/30 17:49:58.3688,16.0070,JSS_PA,substrateInspectione,WhiteBody:3359
故障,substrateInspectione_1,2024/05/30 17:51:22.6227,2024/05/30 17:52:07.4528,44.8301,JSS_PA,substrateInspectione,WhiteBody:3360
機種CH,F3_1,2024/05/30 17:50:17.9326,2024/05/30 17:52:17.9326,2:00.0000,JSS_WE,F3,WhiteBody:3601
故障,removeJig_1,2024/05/30 17:53:32.8763,2024/05/30 17:53:37.0628,4.1865,JSS_PA,removeJig,WhiteBody:3053
故障,CROSSTAR_1,2024/05/30 17:53:29.4876,2024/05/30 17:53:41.3959,11.9083,JSS_WE,RRDOOR,SubPart:9698
故障,FRFLR_1,2024/05/30 17:54:45.8200,2024/05/30 17:55:33.8188,47.9988,JSS_WE,FRFLR,WhiteBody:3696
故障,FRFLR_1,2024/05/30 17:55:43.9468,2024/05/30 17:55:53.8812,9.9344,JSS_WE,FRFLR,WhiteBody:3696
故障,sealer_1,2024/05/30 17:58:45.2474,2024/05/30 17:59:16.7311,31.4837,JSS_PA,sealer,WhiteBody:3429
故障,F2_1,2024/05/30 18:00:17.7803,2024/05/30 18:00:43.5422,25.7618,JSS_WE,F2,WhiteBody:3625
故障,substrateInspectione_1,2024/05/30 18:00:40.2920,2024/05/30 18:00:59.2978,19.0058,JSS_PA,substrateInspectione,WhiteBody:3369
故障,BRAZE_1,2024/05/30 18:03:14.7819,2024/05/30 18:03:29.4157,14.6338,JSS_WE,BRAZE,WhiteBody:3663
故障,TGSub_1,2024/05/30 18:02:54.9089,2024/05/30 18:03:48.5159,53.6070,JSS_WE,TGSub,SubPart:9723
故障,F3_1,2024/05/30 18:03:48.4108,2024/05/30 18:03:54.2789,5.8681,JSS_WE,F3,WhiteBody:3612
機種CH,INNFRM_GW_1,2024/05/30 18:02:00.3880,2024/05/30 18:04:00.3880,2:00.0000,JSS_WE,INNFRM_GW,WhiteBody:3674
故障,FRFLR_1,2024/05/30 18:04:08.5043,2024/05/30 18:04:33.0676,24.5634,JSS_WE,FRFLR,WhiteBody:3705
故障,BRAZE_1,2024/05/30 18:04:30.4760,2024/05/30 18:04:35.1215,4.6455,JSS_WE,BRAZE,WhiteBody:3664
故障,coatingInspection_1,2024/05/30 18:07:23.4182,2024/05/30 18:07:42.9468,19.5285,JSS_PA,coatingInspection,WhiteBody:3176
故障,D_1,2024/05/30 18:07:48.8595,2024/05/30 18:08:09.0565,20.1970,JSS_AF,D,WhiteBody:2899
故障,CROSSTAR_1,2024/05/30 18:08:44.2776,2024/05/30 18:09:07.9450,23.6674,JSS_WE,RRDOOR,SubPart:9738
故障,FLRCOMP_1,2024/05/30 18:08:42.8472,2024/05/30 18:09:36.3657,53.5185,JSS_WE,FLRCOMP,WhiteBody:3693
故障,F_1,2024/05/30 18:09:41.2760,2024/05/30 18:10:21.8767,40.6008,JSS_AF,F,WhiteBody:2847
故障,sealerOV_1,2024/05/30 18:12:13.5623,2024/05/30 18:12:41.1657,27.6035,JSS_PA,sealerOV,WhiteBody:3405
故障,sealerOV_1,2024/05/30 18:16:03.0413,2024/05/30 18:16:36.8070,33.7656,JSS_PA,sealerOV,WhiteBody:3409
機種CH,BRAZE_1,2024/05/30 18:15:06.0880,2024/05/30 18:17:06.0880,2:00.0000,JSS_WE,BRAZE,WhiteBody:3674
故障,FLRCOMP_1,2024/05/30 18:17:30.0460,2024/05/30 18:18:11.8047,41.7587,JSS_WE,FLRCOMP,WhiteBody:3702
故障,A_1,2024/05/30 18:19:00.9668,2024/05/30 18:19:37.0252,36.0584,JSS_AF,A,WhiteBody:3023
故障,TGSub_1,2024/05/30 18:19:04.1844,2024/05/30 18:20:01.8224,57.6380,JSS_WE,TGSub,SubPart:9766
故障,FLRCOMP_1,2024/05/30 18:22:07.7302,2024/05/30 18:22:23.6868,15.9566,JSS_WE,FLRCOMP,WhiteBody:3706
故障,A_1,2024/05/30 18:21:21.0034,2024/05/30 18:22:31.9255,1:10.9221,JSS_AF,A,WhiteBody:3024
故障,sealer_1,2024/05/30 18:24:52.4973,2024/05/30 18:25:37.8996,45.4023,JSS_PA,sealer,WhiteBody:3454
機種CH,SR_1,2024/05/30 18:25:33.3880,2024/05/30 18:27:33.3880,2:00.0000,JSS_WE,SR,WhiteBody:3674
故障,substrateInspectione_1,2024/05/30 18:27:40.9534,2024/05/30 18:27:51.0250,10.0716,JSS_PA,substrateInspectione,WhiteBody:3395
故障,FLRCOMP_1,2024/05/30 18:28:24.3900,2024/05/30 18:28:44.4598,20.0698,JSS_WE,FLRCOMP,WhiteBody:3712
機種CH,TGSub_1,2024/05/30 18:27:23.3880,2024/05/30 18:29:23.3880,2:00.0000,JSS_WE,TGSub,SubPart:9787
故障,BRAZE_1,2024/05/30 18:29:30.3796,2024/05/30 18:29:36.9543,6.5746,JSS_WE,BRAZE,WhiteBody:3686
故障,F2_1,2024/05/30 18:29:35.3006,2024/05/30 18:29:47.3487,12.0481,JSS_WE,F2,WhiteBody:3653
故障,TGSub_1,2024/05/30 18:30:05.5086,2024/05/30 18:30:08.2173,2.7087,JSS_WE,TGSub,SubPart:9787
故障,FRFLR_1,2024/05/30 18:32:00.2973,2024/05/30 18:32:24.5543,24.2570,JSS_WE,FRFLR,WhiteBody:3733
故障,liquidWrapping_1,2024/05/30 18:31:39.9662,2024/05/30 18:32:57.2838,1:17.3175,JSS_PA,liquidWrapping,WhiteBody:3111
故障,liquidWrapping_1,2024/05/30 18:33:57.2201,2024/05/30 18:34:23.4844,26.2643,JSS_PA,liquidWrapping,WhiteBody:3112
故障,F2_1,2024/05/30 18:34:44.7731,2024/05/30 18:35:08.4016,23.6285,JSS_WE,F2,WhiteBody:3656
故障,TGSub_1,2024/05/30 18:35:37.5475,2024/05/30 18:35:45.7887,8.2412,JSS_WE,TGSub,SubPart:9804
故障,sealer_1,2024/05/30 18:39:44.1503,2024/05/30 18:40:11.4472,27.2969,JSS_PA,sealer,WhiteBody:3468
故障,substrateInspectione_1,2024/05/30 18:41:27.0580,2024/05/30 18:41:53.4731,26.4151,JSS_PA,substrateInspectione,WhiteBody:3408
故障,BRAZE_1,2024/05/30 18:43:05.7413,2024/05/30 18:43:15.1532,9.4119,JSS_WE,BRAZE,WhiteBody:3701
故障,sealerOV_1,2024/05/30 18:43:26.9867,2024/05/30 18:43:33.8610,6.8743,JSS_PA,sealerOV,WhiteBody:3435
機種CH,F1_1,2024/05/30 18:42:00.0880,2024/05/30 18:44:00.0880,2:00.0000,JSS_WE,F1,WhiteBody:3674
故障,substrateInspectione_1,2024/05/30 18:43:34.4799,2024/05/30 18:44:04.5814,30.1015,JSS_PA,substrateInspectione,WhiteBody:3409
故障,FRFLR_1,2024/05/30 18:45:40.7955,2024/05/30 18:45:41.9008,1.1053,JSS_WE,FRFLR,WhiteBody:3747
故障,INNFRM_GW_1,2024/05/30 18:44:53.2774,2024/05/30 18:46:05.5568,1:12.2794,JSS_WE,INNFRM_GW,WhiteBody:3716
故障,substrateInspectione_1,2024/05/30 18:46:21.1755,2024/05/30 18:46:44.6504,23.4748,JSS_PA,substrateInspectione,WhiteBody:3412
故障,G_1,2024/05/30 18:47:09.2810,2024/05/30 18:47:09.4712,0.1902,JSS_AF,G,WhiteBody:2848
故障,substrateInspectione_1,2024/05/30 18:48:05.1125,2024/05/30 18:48:10.9417,5.8292,JSS_PA,substrateInspectione,WhiteBody:3413
故障,B_1,2024/05/30 18:48:18.3120,2024/05/30 18:48:44.3718,26.0598,JSS_AF,B,WhiteBody:3000
故障,CROSSTAR_1,2024/05/30 18:53:50.0926,2024/05/30 18:54:41.0333,50.9407,JSS_WE,RRDOOR,SubPart:9831
故障,CROSSTAR_1,2024/05/30 19:01:56.7273,2024/05/30 19:02:01.3350,4.6077,JSS_WE,RRDOOR,SubPart:9831
故障,CROSSTAR_1,2024/05/30 19:33:00.4139,2024/05/30 19:33:28.5147,28.1009,JSS_WE,RRDOOR,SubPart:9831
故障,D_1,2024/05/30 19:35:19.9558,2024/05/30 19:36:05.4163,45.4606,JSS_AF,D,WhiteBody:2941
故障,substrateInspectione_1,2024/05/30 19:36:52.4352,2024/05/30 19:36:57.6183,5.1832,JSS_PA,substrateInspectione,WhiteBody:3417
故障,removeJig_1,2024/05/30 19:38:11.9456,2024/05/30 19:38:31.1912,19.2456,JSS_PA,removeJig,WhiteBody:3110
故障,liquidWrapping_1,2024/05/30 19:38:00.5684,2024/05/30 19:38:46.6260,46.0576,JSS_PA,liquidWrapping,WhiteBody:3130
故障,substrateInspectione_1,2024/05/30 19:39:52.0300,2024/05/30 19:40:08.6648,16.6349,JSS_PA,substrateInspectione,WhiteBody:3420
故障,coatingInspection_1,2024/05/30 19:40:02.8168,2024/05/30 19:40:23.8183,21.0015,JSS_PA,coatingInspection,WhiteBody:3221
故障,C_1,2024/05/30 19:41:16.5776,2024/05/30 19:41:35.1500,18.5724,JSS_AF,C,WhiteBody:2978
機種CH,F2_1,2024/05/30 19:41:49.2880,2024/05/30 19:43:49.2880,2:00.0000,JSS_WE,F2,WhiteBody:3674
故障,F_1,2024/05/30 19:42:37.2348,2024/05/30 19:44:04.0725,1:26.8377,JSS_AF,F,WhiteBody:2894
故障,substrateInspectione_1,2024/05/30 19:44:46.4912,2024/05/30 19:45:04.7202,18.2290,JSS_PA,substrateInspectione,WhiteBody:3425
故障,F1_1,2024/05/30 19:44:55.0183,2024/05/30 19:46:03.5531,1:08.5348,JSS_WE,F1,WhiteBody:3687
故障,A_1,2024/05/30 19:44:52.1254,2024/05/30 19:46:07.4051,1:15.2797,JSS_AF,A,WhiteBody:3062
故障,substrateInspectione_1,2024/05/30 19:46:08.4577,2024/05/30 19:46:14.7723,6.3146,JSS_PA,substrateInspectione,WhiteBody:3426
故障,substrateInspectione_1,2024/05/30 19:48:35.1900,2024/05/30 19:48:36.7811,1.5911,JSS_PA,substrateInspectione,WhiteBody:3429
故障,substrateInspectione_1,2024/05/30 19:49:08.4606,2024/05/30 19:49:20.1328,11.6722,JSS_PA,substrateInspectione,WhiteBody:3429
故障,substrateInspectione_1,2024/05/30 19:49:45.8532,2024/05/30 19:49:58.8698,13.0166,JSS_PA,substrateInspectione,WhiteBody:3430
故障,CROSSTAR_1,2024/05/30 19:49:35.7540,2024/05/30 19:50:56.5471,1:20.7931,JSS_WE,RRDOOR,SubPart:9893
故障,substrateInspectione_1,2024/05/30 19:51:09.9887,2024/05/30 19:51:20.9432,10.9545,JSS_PA,substrateInspectione,WhiteBody:3431
故障,TGSub_1,2024/05/30 19:52:40.1703,2024/05/30 19:53:01.9024,21.7321,JSS_WE,TGSub,SubPart:9904
故障,substrateInspectione_1,2024/05/30 19:53:03.7914,2024/05/30 19:53:11.8051,8.0136,JSS_PA,substrateInspectione,WhiteBody:3433
故障,F1_1,2024/05/30 19:54:01.8560,2024/05/30 19:54:55.1996,53.3436,JSS_WE,F1,WhiteBody:3695
故障,substrateInspectione_1,2024/05/30 19:55:38.2591,2024/05/30 19:56:07.7910,29.5319,JSS_PA,substrateInspectione,WhiteBody:3435
故障,F1_1,2024/05/30 19:56:48.1813,2024/05/30 19:57:11.8883,23.7069,JSS_WE,F1,WhiteBody:3697
機種CH,F3_1,2024/05/30 19:55:14.4880,2024/05/30 19:57:14.4880,2:00.0000,JSS_WE,F3,WhiteBody:3674
故障,sealer_1,2024/05/30 19:57:14.8993,2024/05/30 19:57:54.9789,40.0796,JSS_PA,sealer,WhiteBody:3500
故障,removeJig_1,2024/05/30 19:58:11.1002,2024/05/30 19:58:26.4788,15.3786,JSS_PA,removeJig,WhiteBody:3130
故障,sealerOV_1,2024/05/30 19:57:54.9538,2024/05/30 19:58:28.2414,33.2876,JSS_PA,sealerOV,WhiteBody:3465
故障,sealer_1,2024/05/30 19:59:29.4346,2024/05/30 19:59:38.9182,9.4836,JSS_PA,sealer,WhiteBody:3502
故障,BRAZE_1,2024/05/30 19:59:43.3497,2024/05/30 19:59:52.9714,9.6217,JSS_WE,BRAZE,WhiteBody:3730
故障,FLRCOMP_1,2024/05/30 20:01:28.4850,2024/05/30 20:02:00.4337,31.9487,JSS_WE,FLRCOMP,WhiteBody:3760
故障,FRFLR_1,2024/05/30 20:01:18.1842,2024/05/30 20:02:48.8888,1:30.7046,JSS_WE,FRFLR,WhiteBody:3776
故障,substrateInspectione_1,2024/05/30 20:02:43.3784,2024/05/30 20:03:41.6164,58.2380,JSS_PA,substrateInspectione,WhiteBody:3442
故障,liquidWrapping_1,2024/05/30 20:06:43.2669,2024/05/30 20:07:28.0340,44.7671,JSS_PA,liquidWrapping,WhiteBody:3158
故障,F2_1,2024/05/30 20:07:27.2221,2024/05/30 20:08:20.7199,53.4978,JSS_WE,F2,WhiteBody:3697
故障,substrateInspectione_1,2024/05/30 20:09:22.1732,2024/05/30 20:09:23.9058,1.7325,JSS_PA,substrateInspectione,WhiteBody:3448
故障,A_1,2024/05/30 20:09:28.8270,2024/05/30 20:10:08.1577,39.3308,JSS_AF,A,WhiteBody:3086
故障,substrateInspectione_1,2024/05/30 20:11:46.4482,2024/05/30 20:12:03.1037,16.6555,JSS_PA,substrateInspectione,WhiteBody:3451
故障,sealerOV_1,2024/05/30 20:12:20.8942,2024/05/30 20:12:23.3158,2.4216,JSS_PA,sealerOV,WhiteBody:3479
故障,substrateInspectione_1,2024/05/30 20:12:38.3930,2024/05/30 20:12:51.6508,13.2578,JSS_PA,substrateInspectione,WhiteBody:3451
故障,substrateInspectione_1,2024/05/30 20:13:03.9444,2024/05/30 20:13:16.4867,12.5423,JSS_PA,substrateInspectione,WhiteBody:3452
故障,sealer_1,2024/05/30 20:13:34.1347,2024/05/30 20:14:40.2898,1:06.1551,JSS_PA,sealer,WhiteBody:3515
故障,A_1,2024/05/30 20:15:01.5446,2024/05/30 20:16:32.7823,1:31.2377,JSS_AF,A,WhiteBody:3091
故障,F_1,2024/05/30 20:15:26.6854,2024/05/30 20:17:29.6847,2:02.9993,JSS_AF,F,WhiteBody:2925
故障,sealer_1,2024/05/30 20:17:25.3001,2024/05/30 20:17:35.3026,10.0025,JSS_PA,sealer,WhiteBody:3518
故障,substrateInspectione_1,2024/05/30 20:20:06.4319,2024/05/30 20:20:52.0366,45.6047,JSS_PA,substrateInspectione,WhiteBody:3459
故障,removeJig_1,2024/05/30 20:21:13.7744,2024/05/30 20:21:24.9214,11.1470,JSS_PA,removeJig,WhiteBody:3152
故障,liquidWrapping_1,2024/05/30 20:22:18.7966,2024/05/30 20:22:39.3721,20.5755,JSS_PA,liquidWrapping,WhiteBody:3173
故障,coatingInspection_1,2024/05/30 20:23:34.4176,2024/05/30 20:24:13.9331,39.5155,JSS_PA,coatingInspection,WhiteBody:3264
故障,removeJig_1,2024/05/30 20:24:16.4080,2024/05/30 20:24:30.2890,13.8810,JSS_PA,removeJig,WhiteBody:3155
故障,FRFLR_1,2024/05/30 20:24:10.9091,2024/05/30 20:24:41.9824,31.0733,JSS_WE,FRFLR,WhiteBody:3799
故障,BRAZE_1,2024/05/30 20:25:34.0499,2024/05/30 20:25:42.7225,8.6726,JSS_WE,BRAZE,WhiteBody:3757
故障,substrateInspectione_1,2024/05/30 20:28:22.3913,2024/05/30 20:28:57.1490,34.7576,JSS_PA,substrateInspectione,WhiteBody:3467
故障,INNFRM_GW_1,2024/05/30 20:22:06.1485,2024/05/30 20:29:28.2228,7:22.0743,JSS_WE,INNFRM_GW,WhiteBody:3767
故障,substrateInspectione_1,2024/05/30 20:29:02.2137,2024/05/30 20:29:35.0268,32.8131,JSS_PA,substrateInspectione,WhiteBody:3467
故障,removeJig_1,2024/05/30 20:30:58.5911,2024/05/30 20:31:04.7135,6.1224,JSS_PA,removeJig,WhiteBody:3161
故障,B_1,2024/05/30 20:31:22.6779,2024/05/30 20:32:18.9938,56.3159,JSS_AF,B,WhiteBody:3058
故障,FRFLR_1,2024/05/30 20:31:56.3729,2024/05/30 20:32:26.3534,29.9805,JSS_WE,FRFLR,WhiteBody:3801
故障,CROSSTAR_1,2024/05/30 20:32:31.9941,2024/05/30 20:32:36.3829,4.3888,JSS_WE,RRDOOR,SubPart:10006
故障,FLRCOMP_1,2024/05/30 20:32:45.2649,2024/05/30 20:33:14.3195,29.0546,JSS_WE,FLRCOMP,WhiteBody:3785
故障,substrateInspectione_1,2024/05/30 20:33:32.3224,2024/05/30 20:33:45.8860,13.5635,JSS_PA,substrateInspectione,WhiteBody:3471
故障,liquidWrapping_1,2024/05/30 20:34:56.9129,2024/05/30 20:35:43.3871,46.4742,JSS_PA,liquidWrapping,WhiteBody:3185
故障,coatingInspection_1,2024/05/30 20:35:34.7984,2024/05/30 20:35:59.9324,25.1340,JSS_PA,coatingInspection,WhiteBody:3275
故障,removeJig_1,2024/05/30 20:36:13.3348,2024/05/30 20:36:19.5816,6.2468,JSS_PA,removeJig,WhiteBody:3166
故障,substrateInspectione_1,2024/05/30 20:40:32.0056,2024/05/30 20:40:58.2814,26.2758,JSS_PA,substrateInspectione,WhiteBody:3478
故障,substrateInspectione_1,2024/05/30 20:41:07.6377,2024/05/30 20:41:20.7323,13.0946,JSS_PA,substrateInspectione,WhiteBody:3478
故障,FLRCOMP_1,2024/05/30 20:40:54.4989,2024/05/30 20:41:35.2257,40.7268,JSS_WE,FLRCOMP,WhiteBody:3793
故障,coatingInspection_1,2024/05/30 20:42:30.6363,2024/05/30 20:43:15.5368,44.9005,JSS_PA,coatingInspection,WhiteBody:3281
故障,substrateInspectione_1,2024/05/30 20:42:59.1538,2024/05/30 20:43:25.8060,26.6523,JSS_PA,substrateInspectione,WhiteBody:3480
故障,FRFLR_1,2024/05/30 20:42:49.0637,2024/05/30 20:43:44.2296,55.1659,JSS_WE,FRFLR,WhiteBody:3811
故障,substrateInspectione_1,2024/05/30 20:43:45.7916,2024/05/30 20:43:59.5004,13.7088,JSS_PA,substrateInspectione,WhiteBody:3481
故障,sealer_1,2024/05/30 20:44:14.1397,2024/05/30 20:44:25.8299,11.6902,JSS_PA,sealer,WhiteBody:3545
故障,F3_1,2024/05/30 20:44:18.4778,2024/05/30 20:44:39.9959,21.5181,JSS_WE,F3,WhiteBody:3721
故障,sealerOV_1,2024/05/30 20:44:44.5383,2024/05/30 20:45:26.4543,41.9160,JSS_PA,sealerOV,WhiteBody:3511
故障,G_1,2024/05/30 20:44:47.7800,2024/05/30 20:45:41.4250,53.6450,JSS_AF,G,WhiteBody:2920
故障,FRFLR_1,2024/05/30 20:45:49.2063,2024/05/30 20:46:11.2957,22.0894,JSS_WE,FRFLR,WhiteBody:3814
故障,G_1,2024/05/30 20:46:02.4780,2024/05/30 20:46:18.6662,16.1883,JSS_AF,G,WhiteBody:2920
故障,F3_1,2024/05/30 20:48:08.2822,2024/05/30 20:48:14.3997,6.1175,JSS_WE,F3,WhiteBody:3724
故障,F2_1,2024/05/30 20:47:52.7091,2024/05/30 20:48:23.0184,30.3093,JSS_WE,F2,WhiteBody:3738
故障,substrateInspectione_1,2024/05/30 20:48:51.6732,2024/05/30 20:48:58.5600,6.8867,JSS_PA,substrateInspectione,WhiteBody:3486
故障,F3_1,2024/05/30 20:48:41.7593,2024/05/30 20:49:12.5721,30.8128,JSS_WE,F3,WhiteBody:3725
故障,substrateInspectione_1,2024/05/30 20:51:12.6813,2024/05/30 20:51:29.6458,16.9644,JSS_PA,substrateInspectione,WhiteBody:3488
故障,substrateInspectione_1,2024/05/30 20:55:28.0999,2024/05/30 20:55:37.7162,9.6164,JSS_PA,substrateInspectione,WhiteBody:3492
故障,CROSSTAR_1,2024/05/30 20:57:14.0106,2024/05/30 20:57:24.1388,10.1283,JSS_WE,RRDOOR,SubPart:10072
故障,FLRCOMP_1,2024/05/30 20:57:14.4777,2024/05/30 20:58:11.6323,57.1546,JSS_WE,FLRCOMP,WhiteBody:3810
故障,sealer_1,2024/05/30 20:57:52.6898,2024/05/30 20:58:27.7531,35.0633,JSS_PA,sealer,WhiteBody:3558
故障,BRAZE_1,2024/05/30 21:00:12.6667,2024/05/30 21:00:49.2001,36.5334,JSS_WE,BRAZE,WhiteBody:3787
故障,FRFLR_1,2024/05/30 21:01:13.1036,2024/05/30 21:01:45.0887,31.9851,JSS_WE,FRFLR,WhiteBody:3830
故障,removeJig_1,2024/05/30 21:01:44.2692,2024/05/30 21:01:54.1327,9.8635,JSS_PA,removeJig,WhiteBody:3191
故障,sealer_1,2024/05/30 21:02:13.5975,2024/05/30 21:02:21.8205,8.2230,JSS_PA,sealer,WhiteBody:3562
故障,D_1,2024/05/30 21:02:12.1569,2024/05/30 21:02:24.9446,12.7877,JSS_AF,D,WhiteBody:3025
故障,F3_1,2024/05/30 21:02:25.7507,2024/05/30 21:02:40.6724,14.9217,JSS_WE,F3,WhiteBody:3738
故障,removeJig_1,2024/05/30 21:03:23.3206,2024/05/30 21:04:36.3409,1:13.0203,JSS_PA,removeJig,WhiteBody:3193
故障,substrateInspectione_1,2024/05/30 21:08:04.3309,2024/05/30 21:08:33.7287,29.3978,JSS_PA,substrateInspectione,WhiteBody:3505
故障,D_1,2024/05/30 21:07:43.6507,2024/05/30 21:08:49.9133,1:06.2626,JSS_AF,D,WhiteBody:3031
故障,BRAZE_1,2024/05/30 21:09:15.3713,2024/05/30 21:09:23.3618,7.9904,JSS_WE,BRAZE,WhiteBody:3796
故障,TGSub_1,2024/05/30 21:08:45.7072,2024/05/30 21:09:26.6236,40.9163,JSS_WE,TGSub,SubPart:10102
故障,substrateInspectione_1,2024/05/30 21:09:57.1164,2024/05/30 21:10:09.9297,12.8132,JSS_PA,substrateInspectione,WhiteBody:3507
故障,substrateInspectione_1,2024/05/30 21:10:24.7021,2024/05/30 21:11:13.3556,48.6535,JSS_PA,substrateInspectione,WhiteBody:3507
故障,removeJig_1,2024/05/30 21:11:28.3858,2024/05/30 21:11:41.1847,12.7989,JSS_PA,removeJig,WhiteBody:3200
故障,FRFLR_1,2024/05/30 21:11:22.4161,2024/05/30 21:12:10.4191,48.0031,JSS_WE,FRFLR,WhiteBody:3840
故障,substrateInspectione_1,2024/05/30 21:12:25.5816,2024/05/30 21:12:30.4614,4.8798,JSS_PA,substrateInspectione,WhiteBody:3508
故障,FRFLR_1,2024/05/30 21:13:28.1752,2024/05/30 21:14:03.4066,35.2314,JSS_WE,FRFLR,WhiteBody:3841
故障,liquidWrapping_1,2024/05/30 21:13:26.9976,2024/05/30 21:14:03.5238,36.5261,JSS_PA,liquidWrapping,WhiteBody:3223
故障,sealerOV_1,2024/05/30 21:16:08.6198,2024/05/30 21:16:30.0478,21.4281,JSS_PA,sealerOV,WhiteBody:3542
故障,BRAZE_1,2024/05/30 21:16:52.8279,2024/05/30 21:17:01.5426,8.7147,JSS_WE,BRAZE,WhiteBody:3804
故障,BRAZE_1,2024/05/30 21:20:32.4302,2024/05/30 21:20:45.3594,12.9292,JSS_WE,BRAZE,WhiteBody:3808
故障,substrateInspectione_1,2024/05/30 21:22:30.8064,2024/05/30 21:22:47.2329,16.4265,JSS_PA,substrateInspectione,WhiteBody:3519
故障,removeJig_1,2024/05/30 21:24:54.0178,2024/05/30 21:25:21.5539,27.5361,JSS_PA,removeJig,WhiteBody:3213
故障,TGSub_1,2024/05/30 21:25:18.3672,2024/05/30 21:25:35.8479,17.4807,JSS_WE,TGSub,SubPart:10144
故障,substrateInspectione_1,2024/05/30 21:25:17.1905,2024/05/30 21:25:57.6366,40.4461,JSS_PA,substrateInspectione,WhiteBody:3522
故障,FRFLR_1,2024/05/30 21:27:17.3138,2024/05/30 21:27:28.4798,11.1661,JSS_WE,FRFLR,WhiteBody:3855
故障,INNFRM_GW_1,2024/05/30 21:26:15.3447,2024/05/30 21:27:30.6738,1:15.3291,JSS_WE,INNFRM_GW,WhiteBody:3826
故障,substrateInspectione_1,2024/05/30 21:27:44.3208,2024/05/30 21:27:56.8272,12.5064,JSS_PA,substrateInspectione,WhiteBody:3523
故障,FLRCOMP_1,2024/05/30 21:26:57.3189,2024/05/30 21:28:09.7078,1:12.3889,JSS_WE,FLRCOMP,WhiteBody:3840
故障,FRFLR_1,2024/05/30 21:29:27.0086,2024/05/30 21:29:45.9624,18.9538,JSS_WE,FRFLR,WhiteBody:3857
故障,substrateInspectione_1,2024/05/30 21:31:48.4410,2024/05/30 21:32:15.5656,27.1246,JSS_PA,substrateInspectione,WhiteBody:3528
故障,sealerOV_1,2024/05/30 21:32:05.7942,2024/05/30 21:33:11.3564,1:05.5622,JSS_PA,sealerOV,WhiteBody:3558
故障,removeJig_1,2024/05/30 21:33:40.4160,2024/05/30 21:34:45.9349,1:05.5189,JSS_PA,removeJig,WhiteBody:3222
故障,sealer_1,2024/05/30 21:45:57.3878,2024/05/30 21:46:16.9903,19.6025,JSS_PA,sealer,WhiteBody:3595
故障,BRAZE_1,2024/05/30 21:46:35.3650,2024/05/30 21:46:55.6867,20.3217,JSS_WE,BRAZE,WhiteBody:3824
故障,coatingInspection_1,2024/05/30 21:47:03.3421,2024/05/30 21:47:04.0778,0.7358,JSS_PA,coatingInspection,WhiteBody:3335
故障,FRFLR_1,2024/05/30 21:46:57.8179,2024/05/30 21:47:24.1420,26.3241,JSS_WE,FRFLR,WhiteBody:3865
故障,BRAZE_1,2024/05/30 21:47:35.8166,2024/05/30 21:48:03.5403,27.7237,JSS_WE,BRAZE,WhiteBody:3825
故障,substrateInspectione_1,2024/05/30 21:48:53.3516,2024/05/30 21:49:07.1380,13.7864,JSS_PA,substrateInspectione,WhiteBody:3535
故障,F1_1,2024/05/30 21:48:27.8849,2024/05/30 21:49:43.0638,1:15.1789,JSS_WE,F1,WhiteBody:3800
故障,substrateInspectione_1,2024/05/30 21:49:35.8048,2024/05/30 21:49:51.8179,16.0131,JSS_PA,substrateInspectione,WhiteBody:3535
故障,F3_1,2024/05/30 21:51:06.8511,2024/05/30 21:51:23.1630,16.3119,JSS_WE,F3,WhiteBody:3777
故障,INNFRM_GW_1,2024/05/30 21:51:18.1259,2024/05/30 21:52:39.1149,1:20.9890,JSS_WE,INNFRM_GW,WhiteBody:3840
故障,G_1,2024/05/30 21:55:07.9314,2024/05/30 21:55:28.3360,20.4046,JSS_AF,G,WhiteBody:2978
故障,removeJig_1,2024/05/30 21:55:37.0564,2024/05/30 21:55:54.3158,17.2594,JSS_PA,removeJig,WhiteBody:3233
故障,substrateInspectione_1,2024/05/30 21:55:52.5527,2024/05/30 21:56:14.4188,21.8661,JSS_PA,substrateInspectione,WhiteBody:3541
故障,coatingInspection_1,2024/05/30 21:58:45.9512,2024/05/30 21:58:56.0770,10.1258,JSS_PA,coatingInspection,WhiteBody:3347
故障,substrateInspectione_1,2024/05/30 21:59:09.0214,2024/05/30 21:59:23.3612,14.3397,JSS_PA,substrateInspectione,WhiteBody:3544
故障,substrateInspectione_1,2024/05/30 21:59:24.3074,2024/05/30 21:59:38.0148,13.7074,JSS_PA,substrateInspectione,WhiteBody:3544
故障,FLRCOMP_1,2024/05/30 21:59:51.3189,2024/05/30 22:00:27.8274,36.5085,JSS_WE,FLRCOMP,WhiteBody:3863
故障,substrateInspectione_1,2024/05/30 22:00:41.0413,2024/05/30 22:00:56.4905,15.4492,JSS_PA,substrateInspectione,WhiteBody:3546
故障,CROSSTAR_1,2024/05/30 22:01:51.6112,2024/05/30 22:02:24.4243,32.8130,JSS_WE,RRDOOR,SubPart:10223
故障,A_1,2024/05/30 22:02:14.1592,2024/05/30 22:02:39.0891,24.9299,JSS_AF,A,WhiteBody:3187
故障,substrateInspectione_1,2024/05/30 22:02:34.9587,2024/05/30 22:02:39.3417,4.3829,JSS_PA,substrateInspectione,WhiteBody:3547
故障,liquidWrapping_1,2024/05/30 22:01:53.8507,2024/05/30 22:02:41.1467,47.2961,JSS_PA,liquidWrapping,WhiteBody:3260
故障,substrateInspectione_1,2024/05/30 22:03:20.9447,2024/05/30 22:03:30.9352,9.9905,JSS_PA,substrateInspectione,WhiteBody:3548
故障,substrateInspectione_1,2024/05/30 22:04:21.5667,2024/05/30 22:04:36.8773,15.3107,JSS_PA,substrateInspectione,WhiteBody:3549
故障,CROSSTAR_1,2024/05/30 22:06:16.7896,2024/05/30 22:07:00.8369,44.0473,JSS_WE,RRDOOR,SubPart:10236
故障,removeJig_1,2024/05/30 22:07:13.9187,2024/05/30 22:07:41.6435,27.7248,JSS_PA,removeJig,WhiteBody:3245
故障,FRFLR_1,2024/05/30 22:07:34.9769,2024/05/30 22:08:30.1944,55.2175,JSS_WE,FRFLR,WhiteBody:3886
故障,BRAZE_1,2024/05/30 22:10:06.2309,2024/05/30 22:10:11.1605,4.9296,JSS_WE,BRAZE,WhiteBody:3847
故障,substrateInspectione_1,2024/05/30 22:09:52.6599,2024/05/30 22:10:24.6063,31.9464,JSS_PA,substrateInspectione,WhiteBody:3554
故障,removeJig_1,2024/05/30 22:09:59.2278,2024/05/30 22:10:55.6218,56.3941,JSS_PA,removeJig,WhiteBody:3247
故障,CROSSTAR_1,2024/05/30 22:10:56.6935,2024/05/30 22:11:27.0299,30.3364,JSS_WE,RRDOOR,SubPart:10249
故障,coatingInspection_1,2024/05/30 22:12:09.9708,2024/05/30 22:12:13.2532,3.2823,JSS_PA,coatingInspection,WhiteBody:3360
故障,D_1,2024/05/30 22:12:24.9266,2024/05/30 22:12:58.7484,33.8218,JSS_AF,D,WhiteBody:3084
故障,FLRCOMP_1,2024/05/30 22:12:34.3983,2024/05/30 22:13:30.5462,56.1479,JSS_WE,FLRCOMP,WhiteBody:3876
故障,BRAZE_1,2024/05/30 22:17:57.5207,2024/05/30 22:18:15.5236,18.0029,JSS_WE,BRAZE,WhiteBody:3855
故障,INNFRM_GW_1,2024/05/30 22:17:34.5647,2024/05/30 22:18:29.8644,55.2998,JSS_WE,INNFRM_GW,WhiteBody:3867
故障,BRAZE_1,2024/05/30 22:19:00.9572,2024/05/30 22:19:18.2314,17.2742,JSS_WE,BRAZE,WhiteBody:3856
故障,sealer_1,2024/05/30 22:21:04.2550,2024/05/30 22:21:13.8152,9.5603,JSS_PA,sealer,WhiteBody:3630
故障,substrateInspectione_1,2024/05/30 22:23:45.5039,2024/05/30 22:23:56.0602,10.5562,JSS_PA,substrateInspectione,WhiteBody:3569
故障,sealerOV_1,2024/05/30 22:25:19.0271,2024/05/30 22:25:57.9113,38.8842,JSS_PA,sealerOV,WhiteBody:3600
故障,substrateInspectione_1,2024/05/30 22:26:37.7060,2024/05/30 22:26:51.5154,13.8094,JSS_PA,substrateInspectione,WhiteBody:3571
故障,F1_1,2024/05/30 22:26:20.5217,2024/05/30 22:26:55.4394,34.9177,JSS_WE,F1,WhiteBody:3837
故障,sealer_1,2024/05/30 22:26:03.7510,2024/05/30 22:26:59.1052,55.3542,JSS_PA,sealer,WhiteBody:3635
故障,TGSub_1,2024/05/30 22:26:50.8433,2024/05/30 22:27:16.2891,25.4458,JSS_WE,TGSub,SubPart:10290
故障,insertJig_1,2024/05/30 22:26:46.2731,2024/05/30 22:27:24.2179,37.9448,JSS_PA,insertJig,WhiteBody:3790
故障,F3_1,2024/05/30 22:29:04.6665,2024/05/30 22:29:15.2689,10.6024,JSS_WE,F3,WhiteBody:3815
故障,C_1,2024/05/30 22:31:21.9391,2024/05/30 22:31:32.1086,10.1695,JSS_AF,C,WhiteBody:3136
故障,INNFRM_GW_1,2024/05/30 22:28:22.4663,2024/05/30 22:33:04.3354,4:41.8692,JSS_WE,INNFRM_GW,WhiteBody:3877
故障,removeJig_1,2024/05/30 22:33:43.1016,2024/05/30 22:34:05.7760,22.6743,JSS_PA,removeJig,WhiteBody:3270
故障,CROSSTAR_1,2024/05/30 22:34:00.8794,2024/05/30 22:34:29.2408,28.3614,JSS_WE,RRDOOR,SubPart:10310
故障,F2_1,2024/05/30 22:35:56.0382,2024/05/30 22:36:04.7118,8.6736,JSS_WE,F2,WhiteBody:3837
故障,removeJig_1,2024/05/30 22:37:10.1904,2024/05/30 22:37:34.5049,24.3145,JSS_PA,removeJig,WhiteBody:3273
故障,removeJig_1,2024/05/30 22:38:31.0404,2024/05/30 22:38:34.4782,3.4379,JSS_PA,removeJig,WhiteBody:3274
故障,sealerOV_1,2024/05/30 22:38:41.1978,2024/05/30 22:38:42.7606,1.5627,JSS_PA,sealerOV,WhiteBody:3612
故障,A_1,2024/05/30 22:39:39.7563,2024/05/30 22:40:19.2090,39.4528,JSS_AF,A,WhiteBody:3224
故障,BRAZE_1,2024/05/30 22:40:16.0332,2024/05/30 22:40:39.7551,23.7218,JSS_WE,BRAZE,WhiteBody:3873
故障,FRFLR_1,2024/05/30 22:41:24.0504,2024/05/30 22:42:10.3157,46.2652,JSS_WE,FRFLR,WhiteBody:3918
故障,sealerOV_1,2024/05/30 22:42:48.6854,2024/05/30 22:43:26.0749,37.3895,JSS_PA,sealerOV,WhiteBody:3616
故障,FRFLR_1,2024/05/30 22:42:26.0215,2024/05/30 22:43:27.3144,1:01.2929,JSS_WE,FRFLR,WhiteBody:3918
故障,BRAZE_1,2024/05/30 22:43:36.3215,2024/05/30 22:43:42.5150,6.1935,JSS_WE,BRAZE,WhiteBody:3876
故障,liquidWrapping_1,2024/05/30 22:43:16.4893,2024/05/30 22:43:48.0441,31.5548,JSS_PA,liquidWrapping,WhiteBody:3301
故障,substrateInspectione_1,2024/05/30 22:46:08.3187,2024/05/30 22:46:23.9789,15.6602,JSS_PA,substrateInspectione,WhiteBody:3592
故障,substrateInspectione_1,2024/05/30 22:47:06.8984,2024/05/30 22:47:13.3175,6.4191,JSS_PA,substrateInspectione,WhiteBody:3593
故障,TGSub_1,2024/05/30 22:46:54.3981,2024/05/30 22:47:22.2304,27.8323,JSS_WE,TGSub,SubPart:10341
故障,removeJig_1,2024/05/30 22:50:02.0928,2024/05/30 22:50:27.6852,25.5924,JSS_PA,removeJig,WhiteBody:3286
故障,substrateInspectione_1,2024/05/30 22:51:29.5338,2024/05/30 22:51:50.7927,21.2589,JSS_PA,substrateInspectione,WhiteBody:3597
故障,CROSSTAR_1,2024/05/30 22:52:27.5148,2024/05/30 22:52:32.1808,4.6660,JSS_WE,RRDOOR,SubPart:10353
故障,INNFRM_GW_1,2024/05/30 22:52:06.8769,2024/05/30 22:53:23.2337,1:16.3568,JSS_WE,INNFRM_GW,WhiteBody:3897
故障,removeJig_1,2024/05/30 22:52:50.8036,2024/05/30 22:53:28.0407,37.2371,JSS_PA,removeJig,WhiteBody:3289
故障,A_1,2024/05/30 22:53:19.6423,2024/05/30 22:53:32.3261,12.6838,JSS_AF,A,WhiteBody:3237
故障,D_1,2024/05/30 22:53:56.8486,2024/05/30 22:54:07.7471,10.8985,JSS_AF,D,WhiteBody:3125
故障,substrateInspectione_1,2024/05/30 22:53:49.6787,2024/05/30 22:54:13.1065,23.4279,JSS_PA,substrateInspectione,WhiteBody:3599
故障,coatingInspection_1,2024/05/30 22:53:41.3851,2024/05/30 22:54:39.5042,58.1191,JSS_PA,coatingInspection,WhiteBody:3401
故障,CROSSTAR_1,2024/05/30 22:56:04.9559,2024/05/30 22:56:53.7026,48.7467,JSS_WE,RRDOOR,SubPart:10363
故障,coatingInspection_1,2024/05/30 22:57:15.3329,2024/05/30 22:57:21.4593,6.1264,JSS_PA,coatingInspection,WhiteBody:3403
故障,substrateInspectione_1,2024/05/30 22:55:57.9935,2024/05/30 22:57:22.3234,1:24.3299,JSS_PA,substrateInspectione,WhiteBody:3601
故障,substrateInspectione_1,2024/05/30 22:59:08.3484,2024/05/30 22:59:24.3252,15.9768,JSS_PA,substrateInspectione,WhiteBody:3603
故障,insertJig_1,2024/05/30 22:59:10.3448,2024/05/30 22:59:40.7612,30.4164,JSS_PA,insertJig,WhiteBody:3823
故障,BRAZE_1,2024/05/30 22:59:51.8108,2024/05/30 23:00:40.7082,48.8974,JSS_WE,BRAZE,WhiteBody:3892
故障,substrateInspectione_1,2024/05/30 23:01:24.9365,2024/05/30 23:01:41.4116,16.4751,JSS_PA,substrateInspectione,WhiteBody:3605
故障,sealer_1,2024/05/30 23:01:10.8171,2024/05/30 23:01:55.0774,44.2603,JSS_PA,sealer,WhiteBody:3669
故障,liquidWrapping_1,2024/05/30 23:03:05.5496,2024/05/30 23:03:57.3737,51.8241,JSS_PA,liquidWrapping,WhiteBody:3320
故障,liquidWrapping_1,2024/05/30 23:05:08.1099,2024/05/30 23:05:57.5823,49.4724,JSS_PA,liquidWrapping,WhiteBody:3321
故障,substrateInspectione_1,2024/05/30 23:06:40.7272,2024/05/30 23:06:47.2346,6.5074,JSS_PA,substrateInspectione,WhiteBody:3610
故障,substrateInspectione_1,2024/05/30 23:06:53.6050,2024/05/30 23:07:24.7127,31.1077,JSS_PA,substrateInspectione,WhiteBody:3610
故障,removeJig_1,2024/05/30 23:08:11.3821,2024/05/30 23:08:19.5556,8.1735,JSS_PA,removeJig,WhiteBody:3304
故障,INNFRM_GW_1,2024/05/30 23:06:56.2086,2024/05/30 23:08:58.9892,2:02.7806,JSS_WE,INNFRM_GW,WhiteBody:3911
故障,substrateInspectione_1,2024/05/30 23:09:55.7549,2024/05/30 23:10:03.7598,8.0049,JSS_PA,substrateInspectione,WhiteBody:3613
故障,coatingInspection_1,2024/05/30 23:11:12.1281,2024/05/30 23:11:42.3204,30.1923,JSS_PA,coatingInspection,WhiteBody:3416
故障,F2_1,2024/05/30 23:11:32.5088,2024/05/30 23:12:18.1311,45.6224,JSS_WE,F2,WhiteBody:3870
故障,substrateInspectione_1,2024/05/30 23:12:23.8206,2024/05/30 23:12:40.8335,17.0129,JSS_PA,substrateInspectione,WhiteBody:3616
故障,removeJig_1,2024/05/30 23:12:58.6372,2024/05/30 23:13:11.7204,13.0832,JSS_PA,removeJig,WhiteBody:3308
故障,sealer_1,2024/05/30 23:12:24.5370,2024/05/30 23:13:26.1959,1:01.6589,JSS_PA,sealer,WhiteBody:3679
故障,removeJig_1,2024/05/30 23:14:10.8257,2024/05/30 23:14:14.7930,3.9673,JSS_PA,removeJig,WhiteBody:3309
故障,sealerOV_1,2024/05/30 23:15:03.5456,2024/05/30 23:15:09.0873,5.5417,JSS_PA,sealerOV,WhiteBody:3648
故障,removeJig_1,2024/05/30 23:14:34.8123,2024/05/30 23:15:11.7080,36.8958,JSS_PA,removeJig,WhiteBody:3310
故障,FRFLR_1,2024/05/30 23:18:40.3377,2024/05/30 23:18:46.9926,6.6549,JSS_WE,FRFLR,WhiteBody:3953
故障,substrateInspectione_1,2024/05/30 23:19:19.4927,2024/05/30 23:19:23.0816,3.5889,JSS_PA,substrateInspectione,WhiteBody:3623
故障,sealer_1,2024/05/30 23:19:28.0563,2024/05/30 23:19:29.0003,0.9441,JSS_PA,sealer,WhiteBody:3685
故障,F2_1,2024/05/30 23:21:57.0430,2024/05/30 23:22:12.2048,15.1618,JSS_WE,F2,WhiteBody:3879
故障,FRFLR_1,2024/05/30 23:21:43.5254,2024/05/30 23:22:12.3539,28.8286,JSS_WE,FRFLR,WhiteBody:3956
故障,sealer_1,2024/05/30 23:22:04.6085,2024/05/30 23:23:16.8240,1:12.2155,JSS_PA,sealer,WhiteBody:3688
故障,BRAZE_1,2024/05/30 23:24:47.9653,2024/05/30 23:25:02.7891,14.8238,JSS_WE,BRAZE,WhiteBody:3916
故障,removeJig_1,2024/05/30 23:24:22.7418,2024/05/30 23:25:22.2829,59.5410,JSS_PA,removeJig,WhiteBody:3319
故障,coatingInspection_1,2024/05/30 23:25:04.0293,2024/05/30 23:25:23.7915,19.7622,JSS_PA,coatingInspection,WhiteBody:3430
故障,FRFLR_1,2024/05/30 23:25:15.8638,2024/05/30 23:25:28.6775,12.8137,JSS_WE,FRFLR,WhiteBody:3960
機種CH,FRFLR_1,2024/05/30 23:29:10.2634,2024/05/30 23:31:10.2634,2:00.0000,JSS_WE,FRFLR,WhiteBody:3964
故障,CROSSTAR_1,2024/05/30 23:34:52.2655,2024/05/30 23:35:33.3280,41.0625,JSS_WE,RRDOOR,SubPart:10449
故障,CROSSTAR_1,2024/05/30 23:50:28.4689,2024/05/30 23:50:53.2689,24.8000,JSS_WE,RRDOOR,SubPart:10449
